type,time,epoch,epoch_time,lr,train_loss,train_loss_main,train_loss_aux,train_loss_aux_contrib,train_loss_bbox,train_loss_giou,train_loss_score,train_loss_rank_raw,train_loss_rank,train_loss_text_negative,train_loss_text_negative_contrib,train_text_negative_queries,score_negative_iou_ignore_thr,duplicate_suppression_enabled,duplicate_loss_weight,duplicate_margin,duplicate_background_weight,duplicate_classification_weight,duplicate_max_pairs,duplicate_start_epoch,hard_negative_mining_enabled,hard_negative_loss_weight,hard_negative_topk,hard_negative_max_iou,hard_negative_start_epoch,matcher_score_alpha,matcher_cost_score_effective,train_negative_text_regression_matches,val_loss,val_loss_bbox,val_loss_giou,val_loss_score,val_loss_rank_raw,val_loss_rank,val_loss_text_negative,val_loss_text_negative_contrib,val_text_negative_queries,val_score_negative_iou_ignore_thr,val_duplicate_suppression_enabled,val_hard_negative_mining_enabled,val_matcher_score_alpha,val_matcher_cost_score_effective,map50,map50_95,precision,recall,tp,fp,num_gt,num_pred,raw_oracle_num_gt,raw_oracle_num_samples,raw_oracle_positive_samples,raw_oracle_num_pred,raw_oracle_avg_pred_per_sample,raw_oracle_avg_pred_per_positive_sample,raw_best_iou_mean,raw_best_iou_median,raw_best_iou_p25,raw_best_iou_p75,raw_oracle_recall25,raw_oracle_recall50,raw_oracle_recall75,raw_oracle_gap50,raw_oracle_retention50,valid_samples,skipped_empty_gt,avg_selected_per_sample,eval_loop_time,eval_metric_time,raw_oracle_metric_time,lambda_bbox,lambda_giou,lambda_score,classification_type,ia_bce_alpha,classification_focal_alpha,classification_focal_gamma,normalize_classification_by_num_gt,dense_score_assignment_enabled,pairwise_ranking_enabled,duplicate_suppression_active,hard_negative_mining_active,lambda_rank_max,lambda_aux,pos_weight,quality_warmup_epoch,aux_score_enabled,matcher_score_start_epoch,matcher_score_warmup_epoch,matcher_score_alpha_min,negative_sample_ratio,max_query_loss_weight,lambda_text_negative,text_negative_topk,text_negative_hard_mix,negative_text_as_empty_target,use_negative_queries_in_val
epoch,1783495634.3709702,1,1068.6898714610143,9.999967805456481e-05,3.1063218116760254,2.8194475173950195,3.161426544189453,0.28686991333961487,0.18872539699077606,0.8437057137489319,0.17140057682991028,0.0,0.0,0.6341535449028015,0.0164906308054924,22856,0.5,True,0.2,0.15,0.1,0.5,256,5,True,0.1,20,0.25,8,0.0,0.0,0,,,,,,,,,,,,,,,0.008542705327272415,0.0032063783146440983,0.003714566794024114,0.23413367942894225,16236,4354664,69345,4370900,69345,43709,38008,4370900,100.0,100.0,0.3269703984260559,0.32447221875190735,0.13020244240760803,0.48696598410606384,0.596957266330719,0.23434999585151672,0.029346022754907608,0.0002163164225744696,0.9990769514554994,43709,5701,100.0,350.78822089600726,2.5074865280184895,0.08705189099418931,4.997688000299846,2.0,1.004623999400308,iou,0.25,0.25,2.0,True,False,False,False,False,0.0,0.35,1.0,10,True,10,20,0.0,0.15,4.0,0.25,20,0.5,True,True
epoch,1783496607.389466,2,970.1544456190022,9.99951154929267e-05,2.8340327739715576,2.1805906295776367,2.520416259765625,0.6534408926963806,0.12528927624225616,0.7155184149742126,0.12127881497144699,0.0,0.0,0.008676588535308838,0.0007635660585947335,22856,0.5,True,0.2,0.15,0.1,0.5,256,5,True,0.1,20,0.25,8,0.0,0.0,0,,,,,,,,,,,,,,,0.017672713845968246,0.010532759130001068,0.0051324905575983555,0.3140673444372341,21779,4221580,69345,4243359,69345,43709,38008,4370900,100.0,100.0,0.3714819848537445,0.3640585243701935,0.15594422817230225,0.5503908395767212,0.6374648213386536,0.3143557608127594,0.07523253560066223,0.0002884163755252911,0.9990825160169498,43709,5701,97.08204259992222,338.6539547449793,2.5314936969953123,0.08201341499807313,4.990766255446354,2.0,1.0184674891072933,iou,0.25,0.25,2.0,True,False,False,False,False,0.0,0.35,1.0,10,True,10,20,0.0,0.15,4.0,0.25,20,0.5,True,True
epoch,1783497594.041763,3,972.4154836230155,9.998515654106001e-05,2.832418203353882,2.0160486698150635,2.3324694633483887,0.8163641095161438,0.11166465282440186,0.6761902570724487,0.10295362025499344,0.0,0.0,0.0026911599561572075,0.0004359695012681186,22856,0.5,True,0.2,0.15,0.1,0.5,256,5,True,0.1,20,0.25,8,0.0,0.0,0,,,,,,,,,,,,,,,0.023479757830500603,0.01169748418033123,0.006198813461207035,0.3584108443290792,24854,3984623,69345,4009477,69345,43709,38008,4370900,100.0,100.0,0.3968370258808136,0.4034111499786377,0.1879572570323944,0.5698567628860474,0.6852837204933167,0.3587281107902527,0.0802941843867302,0.000317266461173471,0.9991155795946001,43709,5701,91.73115376695876,343.35242815699894,2.3084933689970057,0.08484980801586062,4.979277440298257,2.0,1.0414451194034853,iou,0.25,0.25,2.0,True,False,False,False,False,0.0,0.35,1.0,10,True,10,20,0.0,0.15,4.0,0.25,20,0.5,True,True
epoch,1783498572.191848,4,965.496955398994,9.996980229585758e-05,2.703918695449829,1.925345540046692,2.224513053894043,0.7785782814025879,0.1044384092092514,0.6564809083938599,0.08718515932559967,0.0,0.0,0.0019522585207596421,0.00043733816710300744,22856,0.5,True,0.2,0.15,0.1,0.5,256,5,True,0.1,20,0.25,8,0.0,0.0,0,,,,,,,,,,,,,,,0.026020796969532967,0.012525053694844246,0.006861400774225628,0.38843463840219195,26936,3898793,69345,3925729,69345,43709,38008,4370900,100.0,100.0,0.4126376807689667,0.41906002163887024,0.20146958529949188,0.5976269245147705,0.6998630166053772,0.38853558897972107,0.09442641586065292,0.00010095057752912417,0.9997401767549937,43709,5701,89.81511816788304,338.1281810819928,2.2326031459961087,0.07972946501104161,4.963292387221365,2.0,1.0734152255572698,iou,0.25,0.25,2.0,True,False,False,False,False,0.0,0.35,1.0,10,True,10,20,0.0,0.15,4.0,0.25,20,0.5,True,True
epoch,1783499595.592332,5,1005.6947783219803,9.994905444845729e-05,2.610316753387451,1.8622170686721802,2.1374237537384033,0.7480973601341248,0.10042455047369003,0.6409984827041626,0.0742095336318016,0.0,0.0,0.0012930282391607761,0.00032325705979019403,22856,0.5,True,0.2,0.15,0.1,0.5,256,5,True,0.1,20,0.25,8,0.0,0.0,0,1.74062180519104,0.0911250114440918,0.600935161113739,0.07865425199270248,0.0,0.0,5.944937129243044e-07,1.486234282310761e-07,5701,0.5,True,True,0.0,0.0,0.02952991984784603,0.015143340453505516,0.007485547794884547,0.41502631768692766,28780,3815962,69345,3844742,69345,43709,38008,4370900,100.0,100.0,0.42436277866363525,0.4290176331996918,0.20201410353183746,0.6247811913490295,0.7023577690124512,0.4152858853340149,0.11523541808128357,0.00025956764708723323,0.9993749663635246,43709,5701,87.96225033745911,370.15666050001164,2.2522170190059114,0.08796454800176434,4.942909649383465,2.0,1.11418070123307,iou,0.25,0.25,2.0,True,False,False,True,False,0.0,0.35,1.0,10,True,10,20,0.0,0.15,4.0,0.25,20,0.5,True,True
epoch,1783500596.731373,6,985.1420007650158,9.9922915284056e-05,2.5453944206237793,1.8163613080978394,2.082944869995117,0.7290307879447937,0.09686585515737534,0.6312575340270996,0.06363288313150406,0.0,0.0,0.0011021328391507268,0.0002755332097876817,22856,0.5,True,0.2,0.15,0.1,0.5,256,5,True,0.1,20,0.25,8,0.0,0.0,0,,,,,,,,,,,,,,,0.027508705854415894,0.014392443001270294,0.007402916766283001,0.4125892277741726,28611,3836217,69345,3864828,69345,43709,38008,4370900,100.0,100.0,0.4285568296909332,0.43629005551338196,0.2061789482831955,0.6213262677192688,0.7083855867385864,0.41273343563079834,0.11689379066228867,0.0001442078566257221,0.9996506029214587,43709,5701,88.42178956279027,351.01132350199623,2.2642199189867824,0.08140520498272963,4.918254893141276,2.0,1.163490213717448,iou,0.25,0.25,2.0,True,False,False,True,False,0.0,0.35,1.0,10,True,10,20,0.0,0.15,4.0,0.25,20,0.5,True,True
epoch,1783501593.740512,7,988.9901904990256,9.989138768165762e-05,2.4931492805480957,1.781111717224121,2.034388780593872,0.7120361328125,0.09390252083539963,0.6232348084449768,0.0561370812356472,0.0,0.0,0.0012003281153738499,0.00030008202884346247,22856,0.5,True,0.2,0.15,0.1,0.5,256,5,True,0.1,20,0.25,8,0.0,0.0,0,,,,,,,,,,,,,,,0.024832502007484436,0.013669821433722973,0.007630496820321745,0.4214867690532843,29228,3801191,69345,3830419,69345,43709,38008,4370900,100.0,100.0,0.42907238006591797,0.43907666206359863,0.20027877390384674,0.63069748878479,0.7024587392807007,0.4216165542602539,0.11723988503217697,0.0001297852069696015,0.9996921724119744,43709,5701,87.63456038802077,350.87226081400877,2.265119906020118,0.0843153260066174,4.889480123265569,2.0,1.2210397534688617,iou,0.25,0.25,2.0,True,False,False,True,False,0.0,0.35,1.0,10,True,10,20,0.0,0.15,4.0,0.25,20,0.5,True,True
epoch,1783502598.329736,8,998.0675892360159,9.985447511375621e-05,2.4362378120422363,1.7403895854949951,1.9881254434585571,0.6958441138267517,0.0902046412229538,0.6125301122665405,0.051067594438791275,0.0,0.0,0.0010246559977531433,0.00025616399943828583,22856,0.5,True,0.2,0.15,0.1,0.5,256,5,True,0.1,20,0.25,8,0.0,0.0,0,,,,,,,,,,,,,,,0.025704514235258102,0.015189033932983875,0.007914514435048705,0.43533059340976277,30188,3784070,69345,3814258,69345,43709,38008,4370900,100.0,100.0,0.442076712846756,0.45154669880867004,0.22123442590236664,0.6421740055084229,0.7230802774429321,0.4354603886604309,0.13403993844985962,0.00012979525066814102,0.999701935574284,43709,5701,87.26481960237022,347.78602331801085,2.5984189470182173,0.08337473100982606,4.856762745781211,2.0,1.2864745084375788,iou,0.25,0.25,2.0,True,False,False,True,True,0.0,0.35,1.0,10,True,10,20,0.0,0.15,4.0,0.25,20,0.5,True,True
epoch,1783503599.6468565,9,993.2433347409824,9.981218164595336e-05,2.3991756439208984,1.7160850763320923,1.9516849517822266,0.6830902099609375,0.08790662884712219,0.605284571647644,0.04749719053506851,0.0,0.0,0.0009852949297055602,0.00024632373242639005,22856,0.5,True,0.2,0.15,0.1,0.5,256,5,True,0.1,20,0.25,8,0.0,0.0,0,,,,,,,,,,,,,,,0.02795409969985485,0.015580142848193645,0.008020462451830116,0.4419208306294614,30645,3790207,69345,3820852,69345,43709,38008,4370900,100.0,100.0,0.443244993686676,0.4576854407787323,0.22567468881607056,0.6409010291099548,0.726800799369812,0.4419785141944885,0.1294974386692047,5.768356502711125e-05,0.9998694878525209,43709,5701,87.41568098103366,346.7006064710149,2.2184583420166746,0.08395842200843617,4.820304474200023,2.0,1.3593910515999537,iou,0.25,0.25,2.0,True,False,False,True,True,0.0,0.35,1.0,10,True,10,20,0.0,0.15,4.0,0.25,20,0.5,True,True
epoch,1783504612.8875172,10,1003.6757021189842,9.97645119365105e-05,2.3707468509674072,1.6987169981002808,1.920090913772583,0.6720314621925354,0.08589901030063629,0.599602460861206,0.04605970159173012,0.0,0.0,0.000866658694576472,0.000216664673644118,22856,0.5,True,0.2,0.15,0.1,0.5,256,5,True,0.1,20,0.25,8,0.0,0.0,0,1.6165862083435059,0.07920430600643158,0.5723615288734436,0.049615856260061264,0.0,0.0,2.1271418404467113e-07,5.317854601116778e-08,5701,0.5,True,True,0.0,0.0,0.025389190763235092,0.01501269917935133,0.00827544352028812,0.45501478116663063,31553,3781294,69345,3812847,69345,43709,38008,4370900,100.0,100.0,0.44911500811576843,0.4647398889064789,0.2307070791721344,0.6523272395133972,0.7313432693481445,0.4551878273487091,0.1391737014055252,0.00017304618207847344,0.9996198356553461,43709,5701,87.23253792125192,357.2285876740061,2.24871898299898,0.0865953320171684,4.7803300858899105,2.0,1.4393398282201786,iou,0.25,0.25,2.0,True,False,False,True,True,0.0,0.35,1.0,10,True,10,20,0.0,0.15,4.0,0.25,20,0.5,True,True
epoch,1783505609.9606187,11,990.9117526219925,9.97114712358358e-05,2.341594934463501,1.6799490451812744,1.8904211521148682,0.6616467833518982,0.08359949290752411,0.5922929048538208,0.04645683616399765,0.0,0.0,0.0008549165213480592,0.0002137291303370148,22856,0.5,True,0.2,0.15,0.1,0.5,256,5,True,0.1,20,0.25,8,0.007250000000000001,0.007250000000000001,0,,,,,,,,,,,,,,,0.025221649557352066,0.014585262164473534,0.008416435068810431,0.4644891484605956,32210,3794826,69345,3827036,69345,43709,38008,4370900,100.0,100.0,0.4560367465019226,0.47397491335868835,0.2350858449935913,0.6573838591575623,0.7363905310630798,0.46456125378608704,0.14697526395320892,7.21053254914561e-05,0.9998447883354373,43709,5701,87.55716214052026,341.5707568520156,2.651092775980942,0.07975174998864532,4.7370860362476375,2.0,1.5258279275047246,iou,0.25,0.25,2.0,True,False,False,True,True,0.0,0.35,1.0,10,True,10,20,0.0,0.15,4.0,0.25,20,0.5,True,True
epoch,1783506608.398712,12,989.1559260290232,9.965306538590585e-05,2.316594123840332,1.6654409170150757,1.8604402542114258,0.6511514782905579,0.08161557465791702,0.5858186483383179,0.04762831702828407,0.0,0.0,0.0010402167681604624,0.0002600541920401156,22856,0.5,True,0.2,0.15,0.1,0.5,256,5,True,0.1,20,0.25,8,0.028000000000000004,0.028000000000000004,0,,,,,,,,,,,,,,,0.02292344719171524,0.013388782739639282,0.008405448607262776,0.46506597447544884,32250,3804547,69345,3836797,69345,43709,38008,4370900,100.0,100.0,0.457501620054245,0.47347569465637207,0.24071334302425385,0.6583486795425415,0.7417694330215454,0.46519577503204346,0.1469031721353531,0.00012980055659461698,0.9997209764929923,43709,5701,87.78047999267885,341.35824511697865,2.187640054995427,0.08140579800237902,4.690838939219355,2.0,1.6183221215612904,iou,0.25,0.25,2.0,True,False,False,True,True,0.0,0.35,1.0,10,True,10,20,0.0,0.15,4.0,0.25,20,0.5,True,True
epoch,1783507607.0886922,13,990.4991121249914,9.958930081962229e-05,2.290510416030884,1.6482576131820679,1.8350117206573486,0.6422545313835144,0.07911860942840576,0.579609215259552,0.04859939217567444,0.0,0.0,0.0008565413299947977,0.00021413533249869943,22856,0.5,True,0.2,0.15,0.1,0.5,256,5,True,0.1,20,0.25,8,0.06075,0.06075,0,,,,,,,,,,,,,,,0.024698618799448013,0.014676639810204506,0.00857177370099994,0.47379046795010454,32855,3800074,69345,3832929,69345,43709,38008,4370900,100.0,100.0,0.4606827199459076,0.4789941608905792,0.23737293481826782,0.666296660900116,0.7386689782142639,0.47389140725135803,0.15389718115329742,0.00010093930125348871,0.9997869990894349,43709,5701,87.69198563224965,342.4919032669859,2.2568207239964977,0.08167758697527461,4.641873923536962,2.0,1.7162521529260766,iou,0.25,0.25,2.0,True,False,False,True,True,0.0,0.35,1.0,10,True,10,20,0.0,0.15,4.0,0.25,20,0.5,True,True
epoch,1783508634.750027,14,1021.3933171520184,9.952018456010321e-05,2.2635586261749268,1.6301698684692383,1.8096915483474731,0.6333917379379272,0.07704437524080276,0.5727772116661072,0.049329258501529694,0.0,0.0,0.0007953144377097487,0.00019882860942743719,22856,0.5,True,0.2,0.15,0.1,0.5,256,5,True,0.1,20,0.25,8,0.10400000000000002,0.10400000000000002,0,,,,,,,,,,,,,,,0.025800535455346107,0.014574331231415272,0.00897067720378579,0.4933016079025164,34208,3779105,69345,3813313,69345,43709,38008,4370900,100.0,100.0,0.47119730710983276,0.4947206377983093,0.25127190351486206,0.6779507398605347,0.7509409189224243,0.4933592975139618,0.16559232771396637,5.768961144536622e-05,0.999883067752577,43709,5701,87.2431993410968,372.85533003800083,2.231829413009109,0.08199696001247503,4.59049287480466,2.0,1.8190142503906799,iou,0.25,0.25,2.0,True,False,False,True,True,0.0,0.35,1.0,10,True,10,20,0.0,0.15,4.0,0.25,20,0.5,True,True
epoch,1783509654.347328,15,1010.0787630900159,9.944572421990965e-05,2.2375447750091553,1.6115328073501587,1.7886075973510742,0.626010537147522,0.07509597390890121,0.5660232901573181,0.049845561385154724,0.0,0.0,0.0003664616378955543,9.161540947388858e-05,22856,0.5,True,0.2,0.15,0.1,0.5,256,5,True,0.1,20,0.25,8,0.15625,0.15625,0,1.5470080375671387,0.06983841955661774,0.5414050221443176,0.05380704626441002,0.0,0.0,4.946328431287839e-07,1.2365821078219597e-07,5701,0.5,True,True,0.15625,0.15625,0.024508602917194366,0.013562755659222603,0.009168501617546477,0.5039584685269306,34947,3776690,69345,3811637,69345,43709,38008,4370900,100.0,100.0,0.47670692205429077,0.5030826330184937,0.25716906785964966,0.6839273571968079,0.7561179399490356,0.5040305852890015,0.17052419483661652,7.211676207086182e-05,0.999856919869199,43709,5701,87.20485483538859,360.47167858100147,2.650051511998754,0.09260426700348035,4.537012574273818,2.0,1.9259748514523651,iou,0.25,0.25,2.0,True,False,False,True,True,0.0,0.35,1.0,10,True,10,20,0.0,0.15,4.0,0.25,20,0.5,True,True
epoch,1783510643.0940013,16,980.4834047619952,9.936592800020715e-05,2.2228281497955322,1.6028589010238647,1.7713338136672974,0.6199665665626526,0.0744091272354126,0.561579167842865,0.05024579167366028,0.0,0.0,0.0005783325177617371,0.00014458312944043428,22856,0.5,True,0.2,0.15,0.1,0.5,256,5,True,0.1,20,0.25,8,0.216,0.216,0,,,,,,,,,,,,,,,0.029224790632724762,0.017553014680743217,0.009215452425253113,0.506107145432259,35096,3773290,69345,3808386,69345,43709,38008,4370900,100.0,100.0,0.47922345995903015,0.5044240355491638,0.2585800588130951,0.6894909143447876,0.7570264339447021,0.5062369108200073,0.1748071163892746,0.00012976538774833735,0.9997436666806098,43709,5701,87.13047656089135,331.5992130529776,2.2066877920005936,0.08227070499560796,4.481762745781211,2.0,2.036474508437579,iou,0.25,0.25,2.0,True,False,False,True,True,0.0,0.35,1.0,10,True,10,20,0.0,0.15,4.0,0.25,20,0.5,True,True
epoch,1783511624.343948,17,975.0161915649951,9.928080468986244e-05,2.183561325073242,1.5743526220321655,1.7405898571014404,0.6092069149017334,0.07153303176164627,0.5520206093788147,0.0507986843585968,0.0,0.0,0.00033718778286129236,8.429694571532309e-05,22856,0.5,True,0.2,0.15,0.1,0.5,256,5,True,0.1,20,0.25,8,0.28174999999999994,0.28174999999999994,0,,,,,,,,,,,,,,,0.028190096840262413,0.01644871011376381,0.00943105135713496,0.5179032374360084,35914,3772145,69345,3808059,69345,43709,38008,4370900,100.0,100.0,0.4861896336078644,0.5145320296287537,0.2661513686180115,0.6960636377334595,0.7623476982116699,0.5179753303527832,0.18477179110050201,7.20929167747908e-05,0.9998608178564687,43709,5701,87.12299526413325,331.82029498400516,2.1728629720164463,0.08897708699805662,4.425084022891929,2.0,2.1498319542161415,iou,0.25,0.25,2.0,True,False,False,True,True,0.0,0.35,1.0,10,True,10,20,0.0,0.15,4.0,0.25,20,0.5,True,True
epoch,1783512604.9783459,18,974.5890093649796,9.919036366447541e-05,2.161743640899658,1.5606510639190674,1.7173964977264404,0.6010885834693909,0.06954555213451385,0.548937201499939,0.050454314798116684,0.0,0.0,0.0003843213780783117,9.608034451957792e-05,22856,0.5,True,0.2,0.15,0.1,0.5,256,5,True,0.1,20,0.25,8,0.3520000000000001,0.3520000000000001,0,,,,,,,,,,,,,,,0.03133992850780487,0.018696783110499382,0.009511613993471392,0.5227197346600332,36248,3774672,69345,3810920,69345,43709,38008,4370900,100.0,100.0,0.49101221561431885,0.5198249816894531,0.27376589179039,0.7014917135238647,0.7697021961212158,0.5227341651916504,0.18856441974639893,1.4430531617204423e-05,0.9999723941296014,43709,5701,87.18845089112082,331.35932686101296,2.166398895002203,0.08229111900436692,4.367325848780173,2.0,2.2653483024396537,iou,0.25,0.25,2.0,True,False,False,True,True,0.0,0.35,1.0,10,True,10,20,0.0,0.15,4.0,0.25,20,0.5,True,True
epoch,1783513592.9795709,19,972.7972246769932,9.909461488534651e-05,2.149229049682617,1.5503582954406738,1.7110648155212402,0.5988733172416687,0.0688464418053627,0.5439748167991638,0.05037099868059158,0.0,0.0,0.0004018574545625597,0.00010046436364063993,22856,0.5,True,0.2,0.15,0.1,0.5,256,5,True,0.1,20,0.25,8,0.4252500000000001,0.4252500000000001,0,,,,,,,,,,,,,,,0.026166487485170364,0.013636389747262001,0.009685959979894885,0.5318912682962001,36884,3771102,69345,3807986,69345,43709,38008,4370900,100.0,100.0,0.49460387229919434,0.5259101986885071,0.2798483073711395,0.7051513195037842,0.7733362317085266,0.5318912863731384,0.19139087200164795,1.8076938279598664e-08,0.9999999660138477,43709,5701,87.1213251275481,331.12771445300314,2.1564998179965187,0.08116845300537534,4.308844321795884,2.0,2.3823113564082323,iou,0.25,0.25,2.0,True,False,False,True,True,0.0,0.35,1.0,10,True,10,20,0.0,0.15,4.0,0.25,20,0.5,True,True
epoch,1783514590.0315878,20,990.6770128259959,9.899356889837956e-05,2.1348249912261963,1.5432480573654175,1.6902164220809937,0.5915765166282654,0.06776760518550873,0.5410594940185547,0.05081332102417946,0.0,0.0,0.0007206309819594026,0.00018015774548985064,22856,0.5,True,0.2,0.15,0.1,0.5,256,5,True,0.1,20,0.25,8,0.5,0.5,0,1.499921202659607,0.06468385457992554,0.5238388180732727,0.05242845043540001,0.0,0.0,3.772268428292591e-06,9.430671070731478e-07,5701,0.5,True,True,0.5,0.5,0.028547056019306183,0.01571120321750641,0.009631455154932122,0.5288629317182205,36674,3771058,69345,3807732,69345,43709,38008,4370900,100.0,100.0,0.492850124835968,0.523912787437439,0.2768072485923767,0.6985283493995667,0.7722834944725037,0.5288629531860352,0.18898262083530426,2.1467814637077254e-08,0.9999999594076036,43709,5701,87.11551396737514,347.5963225699961,2.2371035999967717,0.08405287901405245,4.25,2.0,2.5,iou,0.25,0.25,2.0,True,False,False,True,True,0.0,0.35,1.0,10,True,10,20,0.0,0.15,4.0,0.25,20,0.5,True,True
epoch,1783515571.723135,21,975.130104951997,9.888723683292024e-05,2.1316051483154297,1.5404850244522095,1.6889057159423828,0.5911184549331665,0.06705924868583679,0.5402275323867798,0.05085763335227966,0.0,0.0,0.0003622961521614343,9.057403804035857e-05,22856,0.5,True,0.2,0.15,0.1,0.5,256,5,True,0.1,20,0.25,8,0.5747500000000001,0.5747500000000001,0,,,,,,,,,,,,,,,0.03243761509656906,0.01934252306818962,0.009743965640267244,0.5346456125171245,37075,3767844,69345,3804919,69345,43709,38008,4370900,100.0,100.0,0.4974063038825989,0.527866542339325,0.2780289053916931,0.7115877866744995,0.7728314995765686,0.5347177386283875,0.2035907357931137,7.212611126294899e-05,0.9998651136739021,43709,5701,87.05115651238876,331.81264824801474,2.178853324992815,0.08117746701464057,4.191155678204116,2.0,2.6176886435917672,iou,0.25,0.25,2.0,True,False,False,True,True,0.0,0.35,1.0,10,True,10,20,0.0,0.15,4.0,0.25,20,0.5,True,True
epoch,1783516560.4111464,22,974.3466226129967,9.877563040053027e-05,2.1171975135803223,1.5304685831069946,1.6763794422149658,0.5867321491241455,0.06651484966278076,0.5360547304153442,0.05033760517835617,0.0,0.0,0.0004097510827705264,0.0001024377706926316,22856,0.5,True,0.2,0.15,0.1,0.5,256,5,True,0.1,20,0.25,8,0.648,0.648,0,,,,,,,,,,,,,,,0.036575742065906525,0.021787337958812714,0.009869620738763263,0.5416684692479631,37562,3768258,69345,3805820,69345,43709,38008,4370900,100.0,100.0,0.4979674816131592,0.5325518846511841,0.27731630206108093,0.7101166844367981,0.771634578704834,0.5418559312820435,0.19815415143966675,0.00018746203408037676,0.9996540371282144,43709,5701,87.07177011599441,331.1325092970219,2.2227263969834894,0.07995767600368708,4.132674151219827,2.0,2.7346516975603463,iou,0.25,0.25,2.0,True,False,False,True,True,0.0,0.35,1.0,10,True,10,20,0.0,0.15,4.0,0.25,20,0.5,True,True
epoch,1783517549.7735262,23,976.4722880939953,9.865876189369751e-05,2.0958175659179688,1.5149444341659546,1.6596235036849976,0.580868661403656,0.06456539779901505,0.530840277671814,0.05063222348690033,0.0,0.0,0.0003583277284633368,8.95819321158342e-05,22856,0.5,True,0.2,0.15,0.1,0.5,256,5,True,0.1,20,0.25,8,0.71825,0.71825,0,,,,,,,,,,,,,,,0.04072051867842674,0.02529531717300415,0.00985141787769113,0.5405003965678852,37481,3767149,69345,3804630,69345,43709,38008,4370900,100.0,100.0,0.5020623803138733,0.5348284244537354,0.283182829618454,0.7169116735458374,0.7763934135437012,0.5405580997467041,0.20873890817165375,5.770317881892417e-05,0.9998932525868247,43709,5701,87.04454460179825,333.7946715900034,2.1946336569963023,0.07936939099454321,4.074915977108072,2.0,2.8501680457838576,iou,0.25,0.25,2.0,True,False,False,True,True,0.0,0.35,1.0,10,True,10,20,0.0,0.15,4.0,0.25,20,0.5,True,True
epoch,1783518544.197889,24,976.7222381600004,9.853664418448197e-05,2.075441598892212,1.5005393028259277,1.6425821781158447,0.5749034881591797,0.06327158212661743,0.5252865552902222,0.05046866834163666,0.0,0.0,0.0004217481764499098,0.00010543704411247745,22856,0.5,True,0.2,0.15,0.1,0.5,256,5,True,0.1,20,0.25,8,0.7839999999999999,0.7839999999999999,0,,,,,,,,,,,,,,,0.042433999478816986,0.026213770732283592,0.010051961344841025,0.551186098493042,38222,3764220,69345,3802442,69345,43709,38008,4370900,100.0,100.0,0.50765061378479,0.541593611240387,0.2895248532295227,0.7234833836555481,0.7798255085945129,0.5513447523117065,0.21558871865272522,0.00015865381866453365,0.9997122420808409,43709,5701,86.9944862614107,332.5320583449793,2.22072939897771,0.08112807897850871,4.018237254218789,2.0,2.963525491562421,iou,0.25,0.25,2.0,True,False,False,True,True,0.0,0.35,1.0,10,True,10,20,0.0,0.15,4.0,0.25,20,0.5,True,True
epoch,1783519556.14893,25,992.5016997699859,9.840929072309814e-05,2.063683032989502,1.4928274154663086,1.6310290098190308,0.5708598494529724,0.06254982948303223,0.5228385925292969,0.04987981170415878,0.0,0.0,0.0003272042376920581,8.180105942301452e-05,22856,0.5,True,0.2,0.15,0.1,0.5,256,5,True,0.1,20,0.25,8,0.84375,0.84375,0,1.455335021018982,0.05965949967503548,0.5064358711242676,0.05169680342078209,0.0,0.0,1.2363268808712746e-07,3.0908172021781866e-08,5701,0.5,True,True,0.84375,0.84375,0.04680505022406578,0.029041960835456848,0.010010335387261439,0.5489076357343716,38064,3764406,69345,3802470,69345,43709,38008,4370900,100.0,100.0,0.5099356770515442,0.5425971150398254,0.29639333486557007,0.7252012491226196,0.7867186069488525,0.5491095185279846,0.21579061448574066,0.00020188279361299521,0.999632345120962,43709,5701,86.99512686174472,350.32442197497585,2.2248486549942754,0.08483883098233491,3.962987425726183,2.0,3.0740251485476344,iou,0.25,0.25,2.0,True,False,False,True,True,0.0,0.35,1.0,10,True,10,20,0.0,0.15,4.0,0.25,20,0.5,True,True
epoch,1783520543.3788357,26,972.6527465439867,9.827671553643358e-05,2.059307813644409,1.4916695356369019,1.6218289136886597,0.567639946937561,0.062239665538072586,0.5201822519302368,0.05074791610240936,0.0,0.0,0.0007084225653670728,0.0001771056413417682,22856,0.5,True,0.2,0.15,0.1,0.5,256,5,True,0.1,20,0.25,8,0.8960000000000001,0.8960000000000001,0,,,,,,,,,,,,,,,0.046076614409685135,0.028733331710100174,0.01012175725405316,0.5549354675895883,38482,3763427,69345,3801909,69345,43709,38008,4370900,100.0,100.0,0.5109519362449646,0.5429749488830566,0.29360467195510864,0.7284148335456848,0.7836758494377136,0.5550652742385864,0.22274136543273926,0.00012980664899808758,0.9997661416503201,43709,5701,86.98229197648082,330.6334685529873,2.1861859269847628,0.0807878380001057,3.90950712519534,2.0,3.18098574960932,iou,0.25,0.25,2.0,True,False,False,True,True,0.0,0.35,1.0,10,True,10,20,0.0,0.15,4.0,0.25,20,0.5,True,True
epoch,1783521524.7201378,27,974.8449890739867,9.81389332265039e-05,2.0421054363250732,1.4788601398468018,1.6092792749404907,0.5632476210594177,0.061099834740161896,0.5177826881408691,0.049212075769901276,0.0,0.0,0.0002490205515641719,6.225513789104298e-05,22856,0.5,True,0.2,0.15,0.1,0.5,256,5,True,0.1,20,0.25,8,0.9392499999999999,0.9392499999999999,0,,,,,,,,,,,,,,,0.04777894541621208,0.02964462898671627,0.010096681380251596,0.5534645612517125,38380,3762869,69345,3801249,69345,43709,38008,4370900,100.0,100.0,0.512338399887085,0.5440333485603333,0.3017672598361969,0.7255615592002869,0.7891412377357483,0.5534789562225342,0.2193380892276764,1.4394970821673958e-05,0.9999739918371605,43709,5701,86.96719211146446,331.89988246999565,2.188915711012669,0.08220770498155616,3.8581260764630385,2.0,3.283747847073923,iou,0.25,0.25,2.0,True,False,False,True,True,0.0,0.35,1.0,10,True,10,20,0.0,0.15,4.0,0.25,20,0.5,True,True
epoch,1783522519.2086515,28,981.6470417180099,9.799595896884452e-05,2.031898021697998,1.4707270860671997,1.6033449172973633,0.5611692667007446,0.06087692826986313,0.513716995716095,0.04893367365002632,0.0,0.0,0.00037960437475703657,9.490109368925914e-05,22856,0.5,True,0.2,0.15,0.1,0.5,256,5,True,0.1,20,0.25,8,0.972,0.972,0,,,,,,,,,,,,,,,0.053306855261325836,0.03250947222113609,0.010245710282878932,0.5616843319633715,38950,3762641,69345,3801591,69345,43709,38008,4370900,100.0,100.0,0.5168501734733582,0.5509854555130005,0.3045981526374817,0.7346076965332031,0.7929771542549133,0.5616987347602844,0.22888456284999847,1.4402796912893479e-05,0.9999743585021266,43709,5701,86.97501658697294,340.0034445140045,2.1561463389953133,0.08081999700516462,3.8091610607806454,2.0,3.381677878438709,iou,0.25,0.25,2.0,True,False,False,True,True,0.0,0.35,1.0,10,True,10,20,0.0,0.15,4.0,0.25,20,0.5,True,True
epoch,1783523506.2941568,29,973.8057439750119,9.784780851083924e-05,2.0300793647766113,1.470582365989685,1.5985634326934814,0.5594968199729919,0.06075357273221016,0.5137201547622681,0.04848558083176613,0.0,0.0,0.0002018782397499308,5.04695599374827e-05,22856,0.5,True,0.2,0.15,0.1,0.5,256,5,True,0.1,20,0.25,8,0.99275,0.99275,0,,,,,,,,,,,,,,,0.053360067307949066,0.03249787911772728,0.010213792091254992,0.5599826952195543,38832,3763086,69345,3801918,69345,43709,38008,4370900,100.0,100.0,0.5159984230995178,0.548812747001648,0.3057900071144104,0.7339773774147034,0.7926598787307739,0.5600115656852722,0.22856730222702026,2.8870465717867333e-05,0.9999484466616639,43709,5701,86.98249788373104,330.8296861349954,2.170409873011522,0.08205243799602613,3.7629139637523625,2.0,3.474172072495275,iou,0.25,0.25,2.0,True,False,False,True,True,0.0,0.35,1.0,10,True,10,20,0.0,0.15,4.0,0.25,20,0.5,True,True
epoch,1783524515.647227,30,994.472751504014,9.769449816998572e-05,2.023327112197876,1.4665378332138062,1.59083890914917,0.5567936897277832,0.06015157327055931,0.511757493019104,0.04861288517713547,0.0,0.0,0.0007144612609408796,0.0001786153152352199,22856,0.5,True,0.2,0.15,0.1,0.5,256,5,True,0.1,20,0.25,8,1.0,1.0,0,1.4473870992660522,0.05895170196890831,0.5023747086524963,0.04953780397772789,0.0,0.0,1.9300298959024076e-07,4.825074739756019e-08,5701,0.5,True,True,1.0,1.0,0.051520463079214096,0.03112357296049595,0.010133700141892842,0.5556276588074122,38530,3763635,69345,3802165,69345,43709,38008,4370900,100.0,100.0,0.5120651721954346,0.5500885248184204,0.29949578642845154,0.72705078125,0.7883769273757935,0.5556420683860779,0.21864590048789978,1.4409578665719458e-05,0.9999740667968003,43709,5701,86.9881488938205,350.63316314000986,2.174812248995295,0.087293641990982,3.7196699141100895,2.0,3.560660171779821,iou,0.25,0.25,2.0,True,False,False,True,True,0.0,0.35,1.0,10,True,10,20,0.0,0.15,4.0,0.25,20,0.5,True,True
epoch,1783525501.0142727,31,977.132112672989,9.753604483209836e-05,2.0078155994415283,1.4543647766113281,1.5812911987304688,0.5534515380859375,0.05919415503740311,0.5079165697097778,0.04795321822166443,0.0,0.0,0.00014746181841474026,3.6865454603685066e-05,22856,0.5,True,0.2,0.15,0.1,0.5,256,5,True,0.1,20,0.25,8,1.0,1.0,0,,,,,,,,,,,,,,,0.054913438856601715,0.03357153385877609,0.010270410748039428,0.563054293748648,39045,3762653,69345,3801698,69345,43709,38008,4370900,100.0,100.0,0.5169126987457275,0.5528373718261719,0.3091808557510376,0.7309061288833618,0.7968418598175049,0.5630975365638733,0.22618789970874786,4.3242815225275066e-05,0.9999232054619007,43709,5701,86.97746459539225,333.20033627399243,2.2095504520111717,0.0836172359995544,3.6796955257999766,2.0,3.640608948400047,iou,0.25,0.25,2.0,True,False,False,True,True,0.0,0.35,1.0,10,True,10,20,0.0,0.15,4.0,0.25,20,0.5,True,True
epoch,1783526494.9473531,32,978.9022392529878,9.737246594944838e-05,2.0049703121185303,1.4531316757202148,1.576671838760376,0.5518357157707214,0.05909207463264465,0.5072853565216064,0.04760293290019035,0.0,0.0,0.00033909481135196984,8.477370283799246e-05,22856,0.5,True,0.2,0.15,0.1,0.5,256,5,True,0.1,20,0.25,8,1.0,1.0,0,,,,,,,,,,,,,,,0.05939094349741936,0.036729246377944946,0.010343399821857824,0.5670199726007643,39320,3762138,69345,3801458,69345,43709,38008,4370900,100.0,100.0,0.518287181854248,0.5558963418006897,0.305268794298172,0.7340267300605774,0.7931069135665894,0.5670343637466431,0.22827889025211334,1.4391145878756006e-05,0.9999746203285041,43709,5701,86.9719737353863,336.3142906059802,2.109407789015677,0.08050506099243648,3.643237254218789,2.0,3.713525491562421,iou,0.25,0.25,2.0,True,False,False,True,True,0.0,0.35,1.0,10,True,10,20,0.0,0.15,4.0,0.25,20,0.5,True,True
epoch,1783527485.366393,33,973.9107737570012,9.720377953884164e-05,1.983345627784729,1.4372280836105347,1.5603258609771729,0.5461140871047974,0.057576946914196014,0.5005969405174255,0.04807436838746071,0.0,0.0,0.000204153242520988,5.1038310630247e-05,22856,0.5,True,0.2,0.15,0.1,0.5,256,5,True,0.1,20,0.25,8,1.0,1.0,0,,,,,,,,,,,,,,,0.06247018277645111,0.03827936574816704,0.010488793950482665,0.5749657509553681,39871,3761424,69345,3801295,69345,43709,38008,4370900,100.0,100.0,0.5244507789611816,0.5649654865264893,0.3157486915588379,0.7408356666564941,0.7996394634246826,0.5750234127044678,0.23693127930164337,5.766174909971333e-05,0.9998997227802804,43709,5701,86.96824452629893,330.92160449101357,2.1180942049832083,0.08064348401967436,3.610519876734431,2.0,3.7789602465311383,iou,0.25,0.25,2.0,True,False,False,True,True,0.0,0.35,1.0,10,True,10,20,0.0,0.15,4.0,0.25,20,0.5,True,True
epoch,1783528477.3503003,34,974.4138721629861,9.703000417963423e-05,1.9728301763534546,1.429656744003296,1.5519237518310547,0.5431745648384094,0.05691031739115715,0.49693676829338074,0.048182856291532516,0.0,0.0,0.0004069543501827866,0.00010173858754569665,22856,0.5,True,0.2,0.15,0.1,0.5,256,5,True,0.1,20,0.25,8,1.0,1.0,0,,,,,,,,,,,,,,,0.06380157172679901,0.03906530141830444,0.010595430298116342,0.5807916937053861,40275,3760892,69345,3801167,69345,43709,38008,4370900,100.0,100.0,0.5276476144790649,0.566531777381897,0.32011157274246216,0.744190514087677,0.8015141487121582,0.5808781981468201,0.24169009923934937,8.650444143398772e-05,0.9998510798964224,43709,5701,86.96531606762909,331.1553887250193,2.1408017800131347,0.07949848400312476,3.5817451068587243,2.0,3.8365097862825515,iou,0.25,0.25,2.0,True,False,False,True,True,0.0,0.35,1.0,10,True,10,20,0.0,0.15,4.0,0.25,20,0.5,True,True
epoch,1783529486.313197,35,991.365682661999,9.685115901168613e-05,1.9703619480133057,1.4285004138946533,1.5481855869293213,0.5418651700019836,0.05701136589050293,0.49562588334083557,0.048270564526319504,0.0,0.0,0.00041106718708761036,0.00010276679677190259,22856,0.5,True,0.2,0.15,0.1,0.5,256,5,True,0.1,20,0.25,8,1.0,1.0,0,1.4137184619903564,0.056528691202402115,0.48649394512176514,0.04922877997159958,0.0,0.0,2.0256354815728628e-08,5.064088703932157e-09,5701,0.5,True,True,1.0,1.0,0.05705587565898895,0.0341247022151947,0.01054182680281231,0.5779364049318624,40077,3761636,69345,3801713,69345,43709,38008,4370900,100.0,100.0,0.5260869860649109,0.5628417134284973,0.3167034983634949,0.7452933192253113,0.8007066249847412,0.5779508352279663,0.24372340738773346,1.4430296103928875e-05,0.9999750319660007,43709,5701,86.97780777414262,348.99345280299895,2.140695519017754,0.08390275700367056,3.557090350616535,2.0,3.88581929876693,iou,0.25,0.25,2.0,True,False,False,True,True,0.0,0.35,1.0,10,True,10,20,0.0,0.15,4.0,0.25,20,0.5,True,True
epoch,1783530466.1412506,36,973.3171306500153,9.66672637332531e-05,1.9601284265518188,1.42120361328125,1.5397886037826538,0.53892582654953,0.05603741109371185,0.4929174780845642,0.04847557842731476,0.0,0.0,0.00025484594516456127,6.371148629114032e-05,22856,0.5,True,0.2,0.15,0.1,0.5,256,5,True,0.1,20,0.25,8,1.0,1.0,0,,,,,,,,,,,,,,,0.05989551544189453,0.03582359105348587,0.010580826201413688,0.5800706611868195,40225,3761463,69345,3801688,69345,43709,38008,4370900,100.0,100.0,0.5286504626274109,0.5672414302825928,0.3198174834251404,0.7471529841423035,0.8019035458564758,0.5802292823791504,0.24607397615909576,0.00015862119233089889,0.999726623255413,43709,5701,86.97723580955868,330.641128984018,2.144595322024543,0.09890309799811803,3.5367076127786348,2.0,3.9265847744427305,iou,0.25,0.25,2.0,True,False,False,True,True,0.0,0.35,1.0,10,True,10,20,0.0,0.15,4.0,0.25,20,0.5,True,True
epoch,1783531450.0621536,37,976.1853177640005,9.647833859881719e-05,1.9468822479248047,1.4120879173278809,1.52799391746521,0.5347975492477417,0.055316012352705,0.488980233669281,0.048488516360521317,0.0,0.0,0.00023680242884438485,5.920060721109621e-05,22856,0.5,True,0.2,0.15,0.1,0.5,256,5,True,0.1,20,0.25,8,1.0,1.0,0,,,,,,,,,,,,,,,0.06392711400985718,0.038701970130205154,0.010639425556768722,0.5833008868699978,40449,3761354,69345,3801803,69345,43709,38008,4370900,100.0,100.0,0.5312165021896362,0.5721542239189148,0.32329046726226807,0.7490159869194031,0.8056384921073914,0.5833297371864319,0.2486841082572937,2.8850316434070322e-05,0.9999505420097847,43709,5701,86.97986684664485,332.0865626979794,2.1686762330064084,0.08038951898925006,3.520722559701743,2.0,3.9585548805965147,iou,0.25,0.25,2.0,True,False,False,True,True,0.0,0.35,1.0,10,True,10,20,0.0,0.15,4.0,0.25,20,0.5,True,True
epoch,1783532437.6462195,38,973.7462853150209,9.628440441685565e-05,1.9386621713638306,1.4058767557144165,1.5222500562667847,0.5327862501144409,0.054790180176496506,0.4872826933860779,0.04819783568382263,0.0,0.0,0.00011521016131155193,2.8802540327887982e-05,22856,0.5,True,0.2,0.15,0.1,0.5,256,5,True,0.1,20,0.25,8,1.0,1.0,0,,,,,,,,,,,,,,,0.06818389147520065,0.0421876385807991,0.010771605555315882,0.5904967914052924,40948,3760528,69345,3801476,69345,43709,38008,4370900,100.0,100.0,0.5348125696182251,0.5725147724151611,0.33295151591300964,0.7538315653800964,0.8079025149345398,0.5905256271362305,0.2549571096897125,2.8835730938037152e-05,0.9999511693826433,43709,5701,86.97238554988675,330.28298566301237,2.1742310659901705,0.08031836099689826,3.509233744553647,2.0,3.9815325108927064,iou,0.25,0.25,2.0,True,False,False,True,True,0.0,0.35,1.0,10,True,10,20,0.0,0.15,4.0,0.25,20,0.5,True,True
epoch,1783533425.6726313,39,974.3980674270133,9.608548254754925e-05,1.9328362941741943,1.4006420373916626,1.5205491781234741,0.5321919322013855,0.05380498617887497,0.48462989926338196,0.04873969033360481,0.0,0.0,0.0004391699912957847,0.00010979249782394618,22856,0.5,True,0.2,0.15,0.1,0.5,256,5,True,0.1,20,0.25,8,1.0,1.0,0,,,,,,,,,,,,,,,0.07064734399318695,0.045143257826566696,0.010722541672246117,0.5877568678347393,40758,3760393,69345,3801151,69345,43709,38008,4370900,100.0,100.0,0.5329564809799194,0.5759658217430115,0.3205641210079193,0.7532649636268616,0.8017881512641907,0.5877712965011597,0.25484174489974976,1.4428666420318592e-05,0.9999754519036466,43709,5701,86.96495001029537,331.83464538300177,2.1619811090058647,0.08161484700394794,3.502311999700154,2.0,3.995376000599692,iou,0.25,0.25,2.0,True,False,False,True,True,0.0,0.35,1.0,10,True,10,20,0.0,0.15,4.0,0.25,20,0.5,True,True
epoch,1783534430.4671886,40,990.4758168650151,9.588159490042967e-05,1.925592064857483,1.3971844911575317,1.5097312927246094,0.5284063220024109,0.053934723138809204,0.4833892285823822,0.04847760125994682,0.0,0.0,0.0002734263543970883,6.835658859927207e-05,22856,0.5,True,0.2,0.15,0.1,0.5,256,5,True,0.1,20,0.25,8,1.0,1.0,0,1.3973455429077148,0.05471930280327797,0.47938278317451477,0.04929422587156296,0.0,0.0,9.488388741374365e-08,2.3720971853435913e-08,5701,0.5,True,True,1.0,1.0,0.07465724647045135,0.04679366946220398,0.010779002305690044,0.5909005696156897,40976,3760489,69345,3801465,69345,43709,38008,4370900,100.0,100.0,0.5342153310775757,0.5770378112792969,0.3261892795562744,0.7538465261459351,0.8060999512672424,0.5910015106201172,0.2555771768093109,0.00010094100442747944,0.9998292034747567,43709,5701,86.97213388546982,347.3540200259886,2.2486806139932014,0.08448423398658633,3.5,2.0,4.0,iou,0.25,0.25,2.0,True,False,False,True,True,0.0,0.35,1.0,10,True,10,20,0.0,0.15,4.0,0.25,20,0.5,True,True
epoch,1783535416.313697,41,973.0895947919926,9.567276393196616e-05,1.914436936378479,1.3893553018569946,1.500251054763794,0.5250862836837769,0.05355001240968704,0.4813419282436371,0.04790332913398743,0.0,0.0,0.00037162116495892406,9.290529123973101e-05,22856,0.5,True,0.2,0.15,0.1,0.5,256,5,True,0.1,20,0.25,8,1.0,1.0,0,,,,,,,,,,,,,,,0.07261648774147034,0.04544400796294212,0.010830051459708306,0.5938135409906987,41178,3761020,69345,3802198,69345,43709,38008,4370900,100.0,100.0,0.537112295627594,0.5767900943756104,0.3346823751926422,0.7553540468215942,0.8126180768013,0.5938423871994019,0.2581152319908142,2.8846208703137144e-05,0.9999514244699858,43709,5701,86.98890388707132,330.36049653598457,2.1658623320108745,0.08131747198058292,3.5,2.0,4.0,iou,0.25,0.25,2.0,True,False,False,True,True,0.0,0.35,1.0,10,True,10,20,0.0,0.15,4.0,0.25,20,0.5,True,True
epoch,1783536396.3018525,42,973.4868211749999,9.545901264309231e-05,1.903348445892334,1.3812017440795898,1.4918506145477295,0.5221478939056396,0.05309561267495155,0.47718992829322815,0.048275843262672424,0.0,0.0,0.00027058954583480954,6.764738645870239e-05,22856,0.5,True,0.2,0.15,0.1,0.5,256,5,True,0.1,20,0.25,8,1.0,1.0,0,,,,,,,,,,,,,,,0.0760902613401413,0.04806392639875412,0.010845011294804389,0.594563414810008,41230,3760518,69345,3801748,69345,43709,38008,4370900,100.0,100.0,0.5355260968208313,0.5782249569892883,0.3278524875640869,0.7540868520736694,0.8068498373031616,0.5945634245872498,0.2564568519592285,9.777241793962332e-09,0.9999999835555949,43709,5701,86.97860852456016,330.92952647898346,2.171749710018048,0.08124221899197437,3.5,2.0,4.0,iou,0.25,0.25,2.0,True,False,False,True,True,0.0,0.35,1.0,10,True,10,20,0.0,0.15,4.0,0.25,20,0.5,True,True
epoch,1783537388.0055754,43,976.1626466360176,9.524036457667266e-05,1.902331829071045,1.3795219659805298,1.4937454462051392,0.5228108763694763,0.052624501287937164,0.47679999470710754,0.04847594350576401,0.0,0.0,0.00016539559874217957,4.134889968554489e-05,22856,0.5,True,0.2,0.15,0.1,0.5,256,5,True,0.1,20,0.25,8,1.0,1.0,0,,,,,,,,,,,,,,,0.07664129137992859,0.04806885868310928,0.010860073645449763,0.5954286538322878,41290,3760710,69345,3802000,69345,43709,38008,4370900,100.0,100.0,0.5381237864494324,0.5804122090339661,0.33481669425964355,0.7574980854988098,0.8097050786018372,0.5955007672309875,0.26053789258003235,7.211339869972466e-05,0.9998789029289835,43709,5701,86.98437392756641,333.47818423699937,2.1487949620059226,0.08007036201888695,3.5,2.0,4.0,iou,0.25,0.25,2.0,True,False,False,True,True,0.0,0.35,1.0,10,True,10,20,0.0,0.15,4.0,0.25,20,0.5,True,True
epoch,1783538377.1194685,44,974.6198665279953,9.501684381490964e-05,1.8946759700775146,1.3749276399612427,1.4849896430969238,0.5197465419769287,0.052556831389665604,0.4758661985397339,0.04801607504487038,0.0,0.0,0.00015887609333731234,3.9719023334328085e-05,22856,0.5,True,0.2,0.15,0.1,0.5,256,5,True,0.1,20,0.25,8,1.0,1.0,0,,,,,,,,,,,,,,,0.07810564339160919,0.04904010146856308,0.010922573678444082,0.5987742447184368,41522,3759963,69345,3801485,69345,43709,38008,4370900,100.0,100.0,0.5402206182479858,0.5833770036697388,0.33448880910873413,0.759574294090271,0.8115653395652771,0.5988031029701233,0.2646189332008362,2.885825168652545e-05,0.999951806776646,43709,5701,86.97259145713697,331.76409151102416,2.1679839809949044,0.08102652500383556,3.5,2.0,4.0,iou,0.25,0.25,2.0,True,False,False,True,True,0.0,0.35,1.0,10,True,10,20,0.0,0.15,4.0,0.25,20,0.5,True,True
epoch,1783539381.0256977,45,989.7991942079971,9.47884749766911e-05,1.873794436454773,1.3586630821228027,1.471807837486267,0.5151324272155762,0.05095324292778969,0.46992090344429016,0.0481998547911644,0.0,0.0,0.00015014711243566126,3.7536778108915314e-05,22856,0.5,True,0.2,0.15,0.1,0.5,256,5,True,0.1,20,0.25,8,1.0,1.0,0,1.3588488101959229,0.05189719423651695,0.46439847350120544,0.049562934786081314,0.0,0.0,6.331704494044743e-09,1.5829261235111858e-09,5701,0.5,True,True,1.0,1.0,0.08268985152244568,0.05195511132478714,0.011142574181898051,0.6108587497296128,42360,3759275,69345,3801635,69345,43709,38008,4370900,100.0,100.0,0.5474335551261902,0.5929953455924988,0.3478891849517822,0.7642647624015808,0.8197851181030273,0.6110029816627502,0.2706611752510071,0.00014423193313739535,0.9997639423415825,43709,5701,86.97602324464069,348.2538946760178,2.1667163370002527,0.08398742601275444,3.5,2.0,4.0,iou,0.25,0.25,2.0,True,False,False,True,True,0.0,0.35,1.0,10,True,10,20,0.0,0.15,4.0,0.25,20,0.5,True,True
epoch,1783540368.3256378,46,974.2211658559972,9.455528321487884e-05,1.8717845678329468,1.3571187257766724,1.470488429069519,0.514670193195343,0.05074959248304367,0.46756216883659363,0.04903198778629303,0.0,0.0,0.0001594348723301664,3.98587180825416e-05,22856,0.5,True,0.2,0.15,0.1,0.5,256,5,True,0.1,20,0.25,8,1.0,1.0,0,,,,,,,,,,,,,,,0.07149290293455124,0.043971288949251175,0.0110554318172971,0.606128776407816,42032,3759900,69345,3801932,69345,43709,38008,4370900,100.0,100.0,0.5464503765106201,0.587268590927124,0.34828972816467285,0.7646003365516663,0.8211983442306519,0.6061431765556335,0.27090632915496826,1.4400147817505982e-05,0.9999762429927871,43709,5701,86.98281818389805,330.5806576650066,2.1630645710101817,0.0821725070127286,3.5,2.0,4.0,iou,0.25,0.25,2.0,True,False,False,True,True,0.0,0.35,1.0,10,True,10,20,0.0,0.15,4.0,0.25,20,0.5,True,True
epoch,1783541352.7725773,47,976.4803409699816,9.431729421353809e-05,1.8587063550949097,1.3465266227722168,1.463382601737976,0.5121840834617615,0.05018706992268562,0.46540287137031555,0.048045381903648376,0.0,0.0,0.0002090943162329495,5.2273579058237374e-05,22856,0.5,True,0.2,0.15,0.1,0.5,256,5,True,0.1,20,0.25,8,1.0,1.0,0,,,,,,,,,,,,,,,0.07414057105779648,0.04642298072576523,0.01096574169001771,0.6012401759319346,41693,3760421,69345,3802114,69345,43709,38008,4370900,100.0,100.0,0.5457369089126587,0.5855739116668701,0.34598857164382935,0.7647697925567627,0.8192659616470337,0.6012834310531616,0.27190136909484863,4.325512122704822e-05,0.9999280620103712,43709,5701,86.98698208606923,332.99229123900295,2.1851461330079474,0.08103353600017726,3.5,2.0,4.0,iou,0.25,0.25,2.0,True,False,False,True,True,0.0,0.35,1.0,10,True,10,20,0.0,0.15,4.0,0.25,20,0.5,True,True
epoch,1783542333.319708,48,974.1241119680053,9.407453418510883e-05,1.8593308925628662,1.3480669260025024,1.4607605934143066,0.5112655758857727,0.05011237412691116,0.4660460352897644,0.04813945293426514,0.0,0.0,0.00019537753541953862,4.8844383854884654e-05,22856,0.5,True,0.2,0.15,0.1,0.5,256,5,True,0.1,20,0.25,8,1.0,1.0,0,,,,,,,,,,,,,,,0.08603190630674362,0.05411625653505325,0.011024957309553798,0.6045280842165982,41921,3760452,69345,3802373,69345,43709,38008,4370900,100.0,100.0,0.5456709265708923,0.5888034701347351,0.34665754437446594,0.7640026807785034,0.8195688128471375,0.6045713424682617,0.27141106128692627,4.3258251663513825e-05,0.9999284480612546,43709,5701,86.99290763915899,331.2186980409897,2.1452283859835006,0.08084475601208396,3.5,2.0,4.0,iou,0.25,0.25,2.0,True,False,False,True,True,0.0,0.35,1.0,10,True,10,20,0.0,0.15,4.0,0.25,20,0.5,True,True
epoch,1783543324.869587,49,976.2574160759978,9.382702986751853e-05,1.8532788753509521,1.3440029621124268,1.4550752639770508,0.5092774629592896,0.0498536042869091,0.4667835533618927,0.04716251790523529,0.0,0.0,0.00021877804829273373,5.469451207318343e-05,22856,0.5,True,0.2,0.15,0.1,0.5,256,5,True,0.1,20,0.25,8,1.0,1.0,0,,,,,,,,,,,,,,,0.08853654563426971,0.05554322153329849,0.011057001479000506,0.6063162448626433,42045,3760523,69345,3802568,69345,43709,38008,4370900,100.0,100.0,0.5464901924133301,0.5897666811943054,0.3455474078655243,0.7664846181869507,0.8167279362678528,0.6063162684440613,0.2736462652683258,2.3581417929463555e-08,0.9999999611070671,43709,5701,86.99736896291381,332.4483127629792,2.143586343008792,0.07971654497669078,3.5,2.0,4.0,iou,0.25,0.25,2.0,True,False,False,True,True,0.0,0.35,1.0,10,True,10,20,0.0,0.15,4.0,0.25,20,0.5,True,True
epoch,1783544334.6726823,50,992.6983625650173,9.357480852123726e-05,1.842199444770813,1.3353763818740845,1.4480539560317993,0.5068187117576599,0.04912947490811348,0.4616638123989105,0.04800982400774956,0.0,0.0,0.000149744693771936,3.7436173442984e-05,22856,0.5,True,0.2,0.15,0.1,0.5,256,5,True,0.1,20,0.25,8,1.0,1.0,0,1.3587604761123657,0.05199829488992691,0.46619492769241333,0.048445697873830795,0.0,0.0,7.17033330488448e-08,1.79258332622112e-08,5701,0.5,True,True,1.0,1.0,0.09090200066566467,0.05862802267074585,0.011013408199154025,0.6038358929987743,41873,3760129,69345,3802002,69345,43709,38008,4370900,100.0,100.0,0.546157956123352,0.5908606052398682,0.33947426080703735,0.7690675258636475,0.8150839805603027,0.6038358807563782,0.2786790728569031,-1.2242396096873165e-08,1.0000000202743766,43709,5701,86.98441968473313,350.3476462860126,2.1390223070047796,0.08405535601195879,3.5,2.0,4.0,iou,0.25,0.25,2.0,True,False,False,True,True,0.0,0.35,1.0,10,True,10,20,0.0,0.15,4.0,0.25,20,0.5,True,True
epoch,1783545328.9171252,51,974.999517217977,9.331789792627525e-05,1.8321113586425781,1.3285064697265625,1.4388748407363892,0.5036056041717529,0.04851359874010086,0.4589555561542511,0.04814288765192032,0.0,0.0,8.608258940512314e-05,2.1520647351280786e-05,22856,0.5,True,0.2,0.15,0.1,0.5,256,5,True,0.1,20,0.25,8,1.0,1.0,0,,,,,,,,,,,,,,,0.08773445338010788,0.05640626698732376,0.011108457577448844,0.6090561684331963,42235,3759823,69345,3802058,69345,43709,38008,4370900,100.0,100.0,0.547998309135437,0.5926247239112854,0.34675148129463196,0.7680123448371887,0.816627025604248,0.6090850234031677,0.27491527795791626,2.8854969971403577e-05,0.9999526257109226,43709,5701,86.98570088540117,332.3967496660189,2.168307956017088,0.08132814598502591,3.5,2.0,4.0,iou,0.25,0.25,2.0,True,False,False,True,True,0.0,0.35,1.0,10,True,10,20,0.0,0.15,4.0,0.25,20,0.5,True,True
epoch,1783546319.39899,52,983.0760695640056,9.30563263791231e-05,1.825457215309143,1.3239235877990723,1.4329596757888794,0.5015361905097961,0.0482611246407032,0.4592793881893158,0.047211166471242905,0.0,0.0,8.45663744257763e-05,2.1141593606444076e-05,22856,0.5,True,0.2,0.15,0.1,0.5,256,5,True,0.1,20,0.25,8,1.0,1.0,0,,,,,,,,,,,,,,,0.08924713730812073,0.05700565502047539,0.011066397067544153,0.6068498089263826,42082,3760601,69345,3802683,69345,43709,38008,4370900,100.0,100.0,0.5481142401695251,0.5909186005592346,0.34647834300994873,0.7667256593704224,0.8190929293632507,0.6069507598876953,0.2748720049858093,0.00010095096131268466,0.9998336752040127,43709,5701,87.0,339.23168446001364,2.4441320370242465,0.08155005201115273,3.5,2.0,4.0,iou,0.25,0.25,2.0,True,False,False,True,True,0.0,0.35,1.0,10,True,10,20,0.0,0.15,4.0,0.25,20,0.5,True,True
epoch,1783547329.7462075,53,1003.7940006470017,9.279012268963513e-05,1.8116310834884644,1.3150017261505127,1.4189375638961792,0.49662885069847107,0.04777644947171211,0.45483148097991943,0.047505855560302734,0.0,0.0,0.00047005005762912333,0.00011751251440728083,22856,0.5,True,0.2,0.15,0.1,0.5,256,5,True,0.1,20,0.25,8,1.0,1.0,0,,,,,,,,,,,,,,,0.08034544438123703,0.0488969050347805,0.011143349456595753,0.6112192659888961,42385,3761229,69345,3803614,69345,43709,38008,4370900,100.0,100.0,0.5492019653320312,0.5930832028388977,0.3513544499874115,0.7676622867584229,0.8175787925720215,0.6113346219062805,0.27704954147338867,0.00011535591738442985,0.9998113047858721,43709,5701,87.02129996110641,347.42742942800396,2.668829382979311,0.0845036759856157,3.5,2.0,4.0,iou,0.25,0.25,2.0,True,False,False,True,True,0.0,0.35,1.0,10,True,10,20,0.0,0.15,4.0,0.25,20,0.5,True,True
epoch,1783548336.0981483,54,997.520101978007,9.25193161778563e-05,1.814548373222351,1.3177087306976318,1.4195339679718018,0.49683693051338196,0.04789743199944496,0.4568616449832916,0.04723828285932541,0.0,0.0,0.00012298818910494447,3.074704727623612e-05,22856,0.5,True,0.2,0.15,0.1,0.5,256,5,True,0.1,20,0.25,8,1.0,1.0,0,,,,,,,,,,,,,,,0.07844884693622589,0.04738108813762665,0.011087135026780501,0.6080899848583171,42168,3761159,69345,3803327,69345,43709,38008,4370900,100.0,100.0,0.5484050512313843,0.5913986563682556,0.3469863831996918,0.7685933709144592,0.8183718919754028,0.6081188321113586,0.27828970551490784,2.8847253041530685e-05,0.9999525631315489,43709,5701,87.01473380768263,341.7803399080003,2.280401374999201,0.08211812601075508,3.5,2.0,4.0,iou,0.25,0.25,2.0,True,False,False,True,True,0.0,0.35,1.0,10,True,10,20,0.0,0.15,4.0,0.25,20,0.5,True,True
epoch,1783549354.005546,55,1010.5968160899938,9.224393667079284e-05,1.7993887662887573,1.3058210611343384,1.4101874828338623,0.4935664236545563,0.046195074915885925,0.4496192932128906,0.04882548749446869,0.0,0.0,0.0002466989099048078,6.167472747620195e-05,22856,0.5,True,0.2,0.15,0.1,0.5,256,5,True,0.1,20,0.25,8,1.0,1.0,0,1.3388022184371948,0.050131477415561676,0.4576360285282135,0.048708535730838776,0.0,0.0,1.2522773040757329e-08,3.1306932601893322e-09,5701,0.5,True,True,1.0,1.0,0.07171465456485748,0.04349667578935623,0.011212758992857771,0.6149974763861851,42647,3760788,69345,3803435,69345,43709,38008,4370900,100.0,100.0,0.5544140338897705,0.599243700504303,0.35576772689819336,0.7766292691230774,0.82148677110672,0.6150118708610535,0.29116734862327576,1.4394474868395513e-05,0.9999765948015796,43709,5701,87.0172046946853,365.464848928008,2.2168096550158225,0.0885631569835823,3.5,2.0,4.0,iou,0.25,0.25,2.0,True,False,False,True,True,0.0,0.35,1.0,10,True,10,20,0.0,0.15,4.0,0.25,20,0.5,True,True
epoch,1783550336.045443,56,975.5895212120085,9.1964014499127e-05,1.7997267246246338,1.305790901184082,1.4112540483474731,0.4939397871494293,0.04691026732325554,0.4511394500732422,0.047824181616306305,0.0,0.0,0.0001725812762742862,4.314531906857155e-05,22856,0.5,True,0.2,0.15,0.1,0.5,256,5,True,0.1,20,0.25,8,1.0,1.0,0,,,,,,,,,,,,,,,0.0942382737994194,0.058742206543684006,0.011280193344691186,0.6186170596293893,42898,3760051,69345,3802949,69345,43709,38008,4370900,100.0,100.0,0.5556844472885132,0.6014206409454346,0.35799771547317505,0.7733619213104248,0.8266926407814026,0.6186891794204712,0.28633642196655273,7.21197910819038e-05,0.9998834313036645,43709,5701,87.00608570317326,330.361866628984,2.139607908000471,0.09089053599745966,3.5,2.0,4.0,iou,0.25,0.25,2.0,True,False,False,True,True,0.0,0.35,1.0,10,True,10,20,0.0,0.15,4.0,0.25,20,0.5,True,True
epoch,1783551330.5667453,57,977.2072142729885,9.167958049387647e-05,1.7847084999084473,1.2946256399154663,1.4002474546432495,0.49008709192276,0.04573528468608856,0.44691190123558044,0.048053767532110214,0.0,0.0,7.756337436148897e-05,1.9390843590372242e-05,22856,0.5,True,0.2,0.15,0.1,0.5,256,5,True,0.1,20,0.25,8,1.0,1.0,0,,,,,,,,,,,,,,,0.09519391506910324,0.06054005026817322,0.011358677884191775,0.6227702069363328,43186,3758841,69345,3802027,69345,43709,38008,4370900,100.0,100.0,0.5556440949440002,0.5999592542648315,0.35744690895080566,0.7735133171081543,0.8234912157058716,0.6228855848312378,0.28571635484695435,0.00011537789490501105,0.9998147687188229,43709,5701,86.98499164931708,331.8235250200087,2.1420207830087747,0.08100117699359544,3.5,2.0,4.0,iou,0.25,0.25,2.0,True,False,False,True,True,0.0,0.35,1.0,10,True,10,20,0.0,0.15,4.0,0.25,20,0.5,True,True
epoch,1783552321.4556708,58,978.154621018999,9.139066598299858e-05,1.7725661993026733,1.2849863767623901,1.3930784463882446,0.4875783920288086,0.04501880705356598,0.4430411159992218,0.04811298847198486,0.0,0.0,0.000500042864587158,0.0001250107161467895,22856,0.5,True,0.2,0.15,0.1,0.5,256,5,True,0.1,20,0.25,8,1.0,1.0,0,,,,,,,,,,,,,,,0.10133038461208344,0.06459909677505493,0.011269939594323208,0.61786718581008,42846,3758949,69345,3801795,69345,43709,38008,4370900,100.0,100.0,0.55671226978302,0.6009736657142639,0.35896405577659607,0.7761335968971252,0.8294469714164734,0.6179681420326233,0.2912106215953827,0.00010095622254324699,0.9998366319949582,43709,5701,86.97968381797799,333.92750146001345,2.170507759001339,0.0812143890070729,3.5,2.0,4.0,iou,0.25,0.25,2.0,True,False,False,True,True,0.0,0.35,1.0,10,True,10,20,0.0,0.15,4.0,0.25,20,0.5,True,True
epoch,1783553313.9586494,59,974.5615983970056,9.109730278793973e-05,1.763236165046692,1.2779933214187622,1.3864116668701172,0.4852444529533386,0.04447445273399353,0.4395415484905243,0.04855789616703987,0.0,0.0,0.0002541191934142262,6.352979835355654e-05,22856,0.5,True,0.2,0.15,0.1,0.5,256,5,True,0.1,20,0.25,8,1.0,1.0,0,,,,,,,,,,,,,,,0.09982743859291077,0.06370274722576141,0.011342460291262723,0.6218761266133103,43124,3758873,69345,3801997,69345,43709,38008,4370900,100.0,100.0,0.5581541657447815,0.6040263772010803,0.3608599305152893,0.7787668704986572,0.8282933235168457,0.6219338178634644,0.2954646944999695,5.769125015409049e-05,0.9999072389239867,43709,5701,86.98430529181633,331.7511152960069,2.1336620280053467,0.08020479397964664,3.5,2.0,4.0,iou,0.25,0.25,2.0,True,False,False,True,True,0.0,0.35,1.0,10,True,10,20,0.0,0.15,4.0,0.25,20,0.5,True,True
epoch,1783554314.5218143,60,994.0416119630099,9.079952322013066e-05,1.7624082565307617,1.278293251991272,1.383185863494873,0.48411381244659424,0.04421630874276161,0.439517617225647,0.048851292580366135,0.0,0.0,0.00016403940389864147,4.100985097466037e-05,22856,0.5,True,0.2,0.15,0.1,0.5,256,5,True,0.1,20,0.25,8,1.0,1.0,0,1.326235294342041,0.04951697587966919,0.4537268877029419,0.04834644868969917,0.0,0.0,5.92429003631878e-08,1.481072509079695e-08,5701,0.5,True,True,1.0,1.0,0.10034842044115067,0.06410886347293854,0.01137948742085198,0.6240969067704953,43278,3759881,69345,3803159,69345,43709,38008,4370900,100.0,100.0,0.5594971179962158,0.6062557101249695,0.361770898103714,0.781173586845398,0.8272982835769653,0.6241113543510437,0.2966039478778839,1.444758054836015e-05,0.9999768509570486,43709,5701,87.01089020567846,350.6249054779764,2.166048095008591,0.08565143597661518,3.5,2.0,4.0,iou,0.25,0.25,2.0,True,False,False,True,True,0.0,0.35,1.0,10,True,10,20,0.0,0.15,4.0,0.25,20,0.5,True,True
epoch,1783555296.3949049,61,975.4489629360032,9.04973600774275e-05,1.7565333843231201,1.2741007804870605,1.378380537033081,0.48243290185928345,0.04412088170647621,0.4386001229286194,0.048357684165239334,0.0,0.0,0.00010726719483500347,2.6816798708750866e-05,22856,0.5,True,0.2,0.15,0.1,0.5,256,5,True,0.1,20,0.25,8,1.0,1.0,0,,,,,,,,,,,,,,,0.10188126564025879,0.0649058073759079,0.011368524679132883,0.6234912394548994,43236,3759896,69345,3803132,69345,43709,38008,4370900,100.0,100.0,0.5588700771331787,0.6074067950248718,0.3604419529438019,0.779296875,0.8261734843254089,0.6235345005989075,0.2946859896183014,4.326114400809988e-05,0.9999306194862249,43709,5701,87.01027248392779,332.75077202598914,2.165256186010083,0.07945974700851366,3.5,2.0,4.0,iou,0.25,0.25,2.0,True,False,False,True,True,0.0,0.35,1.0,10,True,10,20,0.0,0.15,4.0,0.25,20,0.5,True,True
epoch,1783556282.950793,62,973.9300198389974,9.019084664049944e-05,1.7537298202514648,1.2706398963928223,1.3802592754364014,0.4830903708934784,0.04378138482570648,0.43711262941360474,0.048639293760061264,0.0,0.0,0.0001240461424458772,3.10115356114693e-05,22856,0.5,True,0.2,0.15,0.1,0.5,256,5,True,0.1,20,0.25,8,1.0,1.0,0,,,,,,,,,,,,,,,0.1019676998257637,0.06542183458805084,0.011477289073945846,0.6293604441560314,43643,3758910,69345,3802553,69345,43709,38008,4370900,100.0,100.0,0.5625734925270081,0.6114959716796875,0.36296263337135315,0.7840179800987244,0.828624963760376,0.6295334696769714,0.300886869430542,0.00017302552094000667,0.9997251527849206,43709,5701,86.99702578416344,331.6582575639768,2.129695804003859,0.09666099501191638,3.5,2.0,4.0,iou,0.25,0.25,2.0,True,False,False,True,True,0.0,0.35,1.0,10,True,10,20,0.0,0.15,4.0,0.25,20,0.5,True,True
epoch,1783557273.952817,63,978.0837929639965,8.988001666916313e-05,1.740809679031372,1.26131010055542,1.3699990510940552,0.47949880361557007,0.04361335560679436,0.4330582320690155,0.04856756329536438,0.0,0.0,3.996965097030625e-05,9.992412742576562e-06,22856,0.5,True,0.2,0.15,0.1,0.5,256,5,True,0.1,20,0.25,8,1.0,1.0,0,,,,,,,,,,,,,,,0.10634009540081024,0.06789731234312057,0.011520941466214168,0.6319561612228711,43823,3759946,69345,3803769,69345,43709,38008,4370900,100.0,100.0,0.5646647214889526,0.6154170036315918,0.3658980131149292,0.7834423184394836,0.8318696618080139,0.6319705843925476,0.3034970164299011,1.4423169676480718e-05,0.9999771774667482,43709,5701,87.02484614152692,332.4171983390115,2.5339137249975465,0.08415275500738062,3.5,2.0,4.0,iou,0.25,0.25,2.0,True,False,False,True,True,0.0,0.35,1.0,10,True,10,20,0.0,0.15,4.0,0.25,20,0.5,True,True
epoch,1783558268.190167,64,978.773209691979,8.956490439866438e-05,1.7324141263961792,1.2559348344802856,1.3613648414611816,0.47647765278816223,0.04305320233106613,0.4305383861064911,0.04877082630991936,0.0,0.0,4.674308001995087e-05,1.1685770004987717e-05,22856,0.5,True,0.2,0.15,0.1,0.5,256,5,True,0.1,20,0.25,8,1.0,1.0,0,,,,,,,,,,,,,,,0.10774540901184082,0.06896654516458511,0.011565357365545292,0.6341913620304276,43978,3758585,69345,3802563,69345,43709,38008,4370900,100.0,100.0,0.5660098791122437,0.6160193085670471,0.37371155619621277,0.7847845554351807,0.8349268436431885,0.6342634558677673,0.30441993474960327,7.209383733974839e-05,0.9998863345559754,43709,5701,86.99725456999703,331.5545569250244,2.1709536980488338,0.07996720599476248,3.5,2.0,4.0,iou,0.25,0.25,2.0,True,False,False,True,True,0.0,0.35,1.0,10,True,10,20,0.0,0.15,4.0,0.25,20,0.5,True,True
epoch,1783559272.6798706,65,990.6661958189798,8.92455445359073e-05,1.7227263450622559,1.2483322620391846,1.355423092842102,0.47439849376678467,0.04234587028622627,0.42726829648017883,0.04905709624290466,0.0,0.0,6.698257493553683e-05,1.6745643733884208e-05,22856,0.5,True,0.2,0.15,0.1,0.5,256,5,True,0.1,20,0.25,8,1.0,1.0,0,1.3084806203842163,0.048493970185518265,0.44582095742225647,0.048579756170511246,0.0,0.0,1.6653231016405812e-09,4.163307754101453e-10,5701,0.5,True,True,1.0,1.0,0.10688495635986328,0.06880371272563934,0.011529235212757089,0.6321580503280698,43837,3758410,69345,3802247,69345,43709,38008,4370900,100.0,100.0,0.566388726234436,0.6154158711433411,0.37597793340682983,0.7845190167427063,0.8368591666221619,0.6321868896484375,0.30266061425209045,2.8839320367679555e-05,0.9999543816538433,43709,5701,86.99002493765586,347.79796058300417,2.2100733349798247,0.08516119496198371,3.5,2.0,4.0,iou,0.25,0.25,2.0,True,False,False,True,True,0.0,0.35,1.0,10,True,10,20,0.0,0.15,4.0,0.25,20,0.5,True,True
epoch,1783560270.8764973,66,991.8121077769902,8.892197225563177e-05,1.72166907787323,1.2476900815963745,1.354228138923645,0.4739800989627838,0.04224427416920662,0.42710739374160767,0.048988472670316696,0.0,0.0,8.787263504927978e-05,2.1968158762319945e-05,22856,0.5,True,0.2,0.15,0.1,0.5,256,5,True,0.1,20,0.25,8,1.0,1.0,0,,,,,,,,,,,,,,,0.10510646551847458,0.0676824226975441,0.011562901188247094,0.6339606316244862,43962,3758025,69345,3801987,69345,43709,38008,4370900,100.0,100.0,0.5656857490539551,0.6137171387672424,0.37370553612709045,0.782683789730072,0.8361958265304565,0.63410484790802,0.30322301387786865,0.00014421628353378235,0.9997725671330071,43709,5701,86.98407650598276,340.026573237963,2.285590818966739,0.09390657098265365,3.5,2.0,4.0,iou,0.25,0.25,2.0,True,False,False,True,True,0.0,0.35,1.0,10,True,10,20,0.0,0.15,4.0,0.25,20,0.5,True,True
epoch,1783561300.8852074,67,1021.9717567829648,8.859422319653919e-05,1.7113444805145264,1.2403632402420044,1.3456599712371826,0.47098177671432495,0.04171005263924599,0.42520666122436523,0.048679087311029434,0.0,0.0,0.00014487358566839248,3.621839641709812e-05,22856,0.5,True,0.2,0.15,0.1,0.5,256,5,True,0.1,20,0.25,8,1.0,1.0,0,,,,,,,,,,,,,,,0.10758062452077866,0.06952963024377823,0.011648741748610652,0.6386329223447977,44286,3757498,69345,3801784,69345,43709,38008,4370900,100.0,100.0,0.5673677325248718,0.6156811118125916,0.37505847215652466,0.7854284644126892,0.8354892134666443,0.6387194395065308,0.3085874915122986,8.651716173302404e-05,0.9998645459079814,43709,5701,86.97943215356105,356.30193274997873,2.6938430079608224,0.08438900799956173,3.5,2.0,4.0,iou,0.25,0.25,2.0,True,False,False,True,True,0.0,0.35,1.0,10,True,10,20,0.0,0.15,4.0,0.25,20,0.5,True,True
