type,time,epoch,epoch_time,lr,train_loss,train_loss_bbox,train_loss_giou,train_loss_score,train_loss_rank_raw,train_loss_rank,train_loss_text_negative,train_text_negative_queries,map50,map50_95,precision,recall,tp,fp,num_gt,num_pred,valid_samples,skipped_empty_gt,avg_selected_per_sample,eval_loop_time,eval_metric_time,lambda_bbox,lambda_giou,lambda_score,lambda_rank_max,pos_weight,quality_warmup_epoch,rank_start_epoch,rank_warmup_epoch,rank_alpha_min,negative_sample_ratio,max_query_loss_weight,use_negative_queries_in_val
epoch,1782271661.4362795,1,1216.8937231260352,9.999981236038045e-05,0.7806729078292847,0.014272485859692097,0.22501221299171448,0.1296422779560089,0.0,0.0,0.1951943188905716,7621,0.27199840545654297,0.13549257814884186,0.20260960334029227,0.5037633013236439,34938,137502,69354,172440,38008,0,4.536939591664913,52.314411763101816,0.22940741409547627,5.0,2.0,2.0,0.3,1.0,10,20,100,0.0,0.05,10.0,False
epoch,1782272737.0804784,2,1072.9913623628672,9.99957936146606e-05,0.8401759266853333,0.017458727583289146,0.2612317204475403,0.11520969122648239,0.0,0.0,0.0043343910947442055,7621,0.2708137035369873,0.13699479401111603,0.19704802963420986,0.49625111745537387,34417,140246,69354,174663,38008,0,4.595427278467691,35.67113194917329,0.30281606689095497,5.0,2.0,2.0,0.3,1.0,10,20,100,0.0,0.05,10.0,False
epoch,1782273817.5151768,3,1061.148268056102,9.998654090111112e-05,0.8439823389053345,0.01835608296096325,0.26928701996803284,0.1068141758441925,0.0,0.0,0.001284102094359696,7621,0.2761697471141815,0.140326589345932,0.19639768390129927,0.49933673616518154,34631,141700,69354,176331,38008,0,4.63931277625763,29.074993079993874,0.23076675296761096,5.0,2.0,2.0,0.3,1.0,10,20,100,0.0,0.05,10.0,False
epoch,1782274891.770051,4,1058.2009330419824,9.997205523936768e-05,0.8302491903305054,0.018284713849425316,0.2677803337574005,0.10163239389657974,0.0,0.0,0.0007349441875703633,7621,0.2806467115879059,0.1433466374874115,0.19948445564411257,0.49766415779911755,34515,138506,69354,173021,38008,0,4.552225847190066,29.688778062118217,0.24649643199518323,5.0,2.0,2.0,0.3,1.0,10,20,100,0.0,0.05,10.0,False
epoch,1782276085.5070271,5,1176.4411480319686,9.995233822572927e-05,0.8229443430900574,0.01856599934399128,0.27040794491767883,0.09464933723211288,0.0,0.0,0.0004373094707261771,7621,1.1623504161834717,0.03836532309651375,0.3860369026660919,0.09922527521848679,0.0,0.0,0.0,0,0.279899537563324,0.14080724120140076,0.20046333754372894,0.4965683305937653,34439,137358,69354,171797,38008,0,4.520022100610398,140.55429048207588,0.23825672105886042,5.0,2.0,2.0,0.3,1.0,10,20,100,0.0,0.05,10.0,False
epoch,1782277157.3220422,6,1062.2040364090353,9.99273920329823e-05,0.8087486624717712,0.018383733928203583,0.2686300575733185,0.0897856280207634,0.0,0.0,0.00037777525722049177,7621,0.28294050693511963,0.14435508847236633,0.20453359889979608,0.49750555122992185,34504,134192,69354,168696,38008,0,4.438434013891812,32.59372302307747,0.25376805081032217,5.0,2.0,2.0,0.3,1.0,10,20,100,0.0,0.05,10.0,False
epoch,1782278232.9293027,7,1059.3880478590727,9.989721941016119e-05,0.795494556427002,0.018260298296809196,0.2679947316646576,0.08410228043794632,0.0,0.0,0.00031988928094506264,7621,0.2869974970817566,0.1478065401315689,0.20494390005624796,0.49909161692187903,34614,134281,69354,168895,38008,0,4.443669753736056,28.662623099051416,0.2090631329920143,5.0,2.0,2.0,0.3,1.0,10,20,100,0.0,0.05,10.0,False
epoch,1782279304.4479554,8,1054.9287648010068,9.986182368224535e-05,0.7863880395889282,0.01823645457625389,0.26763853430747986,0.07996370643377304,0.0,0.0,0.00020116951782256365,7621,0.28589314222335815,0.14991965889930725,0.20536640011440693,0.49694321884822795,34465,133357,69354,167822,38008,0,4.415438854977899,27.913445916958153,0.23082265607081354,5.0,2.0,2.0,0.3,1.0,10,20,100,0.0,0.05,10.0,False
epoch,1782280429.1640234,9,1108.2238098860253,9.982120874979286e-05,0.783079206943512,0.018558524549007416,0.2684546709060669,0.0766889676451683,0.0,0.0,0.00031497154850512743,7621,0.28496021032333374,0.15117360651493073,0.20447634983177704,0.4916082706116446,34095,132648,69354,166743,38008,0,4.387050094716901,30.206240033032373,0.20732053997926414,5.0,2.0,2.0,0.3,1.0,10,20,100,0.0,0.05,10.0,False
epoch,1782281611.420806,10,1167.681160571985,9.977537908851061e-05,0.7691184282302856,0.018203051760792732,0.26687660813331604,0.07217469811439514,0.0,0.0,0.00020869812578894198,7621,1.1003010272979736,0.03844797611236572,0.385966420173645,0.0680643767118454,0.0,0.0,0.0,0,0.28725188970565796,0.1526179015636444,0.2073294590647668,0.4974334573348329,34499,131898,69354,166397,38008,0,4.377946748053041,140.5785033449065,0.21813515503890812,5.0,2.0,2.0,0.3,1.0,10,20,100,0.0,0.05,10.0,False
epoch,1782282742.1059568,11,1114.5862034969032,9.972433974876104e-05,0.7697757482528687,0.018208807334303856,0.2662750482559204,0.07309021800756454,0.0,0.0,0.00019789134967140853,7621,0.28868842124938965,0.15449032187461853,0.21033391699689738,0.4936268996741356,34235,128530,69354,162765,38008,0,4.282387918332983,28.958589625079185,0.2168268021196127,5.0,2.0,2.0,0.3,1.0,10,20,100,0.0,0.05,10.0,False
epoch,1782283825.930982,12,1066.549690654967,9.966809635500562e-05,0.7684818506240845,0.018112972378730774,0.26638367772102356,0.07257535308599472,0.0,0.0,0.00011404262477299199,7621,0.2877242863178253,0.15309040248394012,0.20826049347617,0.4964241428035874,34429,130888,69354,165317,38008,0,4.34953167754157,30.47795913601294,0.22541111893951893,5.0,2.0,2.0,0.3,1.0,10,20,100,0.0,0.05,10.0,False
epoch,1782284908.4303267,13,1074.014073843835,9.960665510518513e-05,0.7709953188896179,0.018304355442523956,0.26758280396461487,0.07215442508459091,0.0,0.0,0.00015165853255894035,7621,0.28769081830978394,0.1529015600681305,0.20808249822672462,0.4948957522277014,34323,130626,69354,164949,38008,0,4.339849505367291,30.190322258044034,0.23040254996158183,5.0,2.0,2.0,0.3,1.0,10,20,100,0.0,0.05,10.0,False
epoch,1782286006.568142,14,1090.7056143658701,9.954002277003647e-05,0.7699716091156006,0.018114494159817696,0.2654838562011719,0.074215829372406,0.0,0.0,0.00021762876713182777,7621,0.28559789061546326,0.15346230566501617,0.21182118585946755,0.4898635983504917,33974,126416,69354,160390,38008,0,4.219901073458219,29.98050326295197,0.2683205099310726,5.0,2.0,2.0,0.3,1.0,10,20,100,0.0,0.05,10.0,False
epoch,1782287235.9990642,15,1221.2005662848242,9.946820669234673e-05,0.773646891117096,0.018473511561751366,0.2674873471260071,0.07315240800380707,0.0,0.0,0.00013819544983562082,7621,1.1012203693389893,0.0387079119682312,0.38472387194633484,0.06911671161651611,0.0,0.0,0.0,0,0.2863389849662781,0.1539640724658966,0.21418329660780236,0.4975343887879574,34506,126599,69354,161105,38008,0,4.238712902546832,151.57714765006676,0.25512594706378877,5.0,2.0,2.0,0.3,1.0,10,20,100,0.0,0.05,10.0,False
epoch,1782288347.015417,16,1103.8023935910314,9.939121478614389e-05,0.7686305046081543,0.01814168691635132,0.2661984860897064,0.07276231050491333,0.0,0.0,0.000128417945234105,7621,0.28695887327194214,0.15314751863479614,0.20974929163670336,0.49205525276119616,34126,128573,69354,162699,38008,0,4.280651441801726,30.22100308793597,0.21636902797035873,5.0,2.0,2.0,0.3,1.0,10,20,100,0.0,0.05,10.0,False
epoch,1782289426.6150622,17,1071.22109607514,9.930905553582478e-05,0.7648258805274963,0.018037647008895874,0.2641271650791168,0.07319223880767822,0.0,0.0,7.727279444225132e-05,7621,0.2843002676963806,0.15219488739967346,0.20795600767195124,0.494016206707616,34262,130494,69354,164756,38008,0,4.334771627025889,31.612021951004863,0.2631138479337096,5.0,2.0,2.0,0.3,1.0,10,20,100,0.0,0.05,10.0,False
epoch,1782290490.557371,18,1055.661644659005,9.922173799522006e-05,0.7638852000236511,0.01794695295393467,0.26393836736679077,0.07313705235719681,0.0,0.0,0.00013842944463249296,7621,0.2860974371433258,0.15257319808006287,0.21104851853917614,0.4910315194509329,34055,127306,69354,161361,38008,0,4.24544832666807,30.499278048984706,0.273821990005672,5.0,2.0,2.0,0.3,1.0,10,20,100,0.0,0.05,10.0,False
epoch,1782291561.332177,19,1063.851499620825,9.912927178659653e-05,0.761895477771759,0.017885705456137657,0.26329708099365234,0.07293619215488434,0.0,0.0,0.00022601794626098126,7621,0.2855514585971832,0.15020674467086792,0.20851959299602849,0.49434783862502524,34285,130136,69354,164421,38008,0,4.325957693117238,29.416814016876742,0.24779758392833173,5.0,2.0,2.0,0.3,1.0,10,20,100,0.0,0.05,10.0,False
epoch,1782292752.4510105,20,1183.9812289460097,9.90316670995968e-05,0.7665385007858276,0.018177352845668793,0.264670729637146,0.07315578311681747,0.0,0.0,7.870071567595005e-05,7621,1.1058531999588013,0.03907742351293564,0.38595589995384216,0.06927692145109177,0.0,0.0,0.0,0,0.28690895438194275,0.15241971611976624,0.2101772914019222,0.49126221991521757,34071,128035,69354,162106,38008,0,4.26504946327089,144.3053641221486,0.2412938941270113,5.0,2.0,2.0,0.3,1.0,10,20,100,0.0,0.05,10.0,False
epoch,1782293891.9822624,21,1131.40365725616,9.892893469011633e-05,0.7587335705757141,0.017844701185822487,0.2625836730003357,0.07216602563858032,0.11882634460926056,1.0621272849675734e-05,0.00017213595856446773,7621,0.2856590151786804,0.15330132842063904,0.20422568884107345,0.49267526025896125,34169,133141,69354,167310,38008,0,4.401968006735424,30.814205391099676,0.2578058331273496,5.0,2.0,2.0,0.3,1.0,10,20,100,0.0,0.05,10.0,False
epoch,1782295063.4783063,22,1164.6137954459991,9.882108587911825e-05,0.7534293532371521,0.01757981814444065,0.25951895117759705,0.07322490960359573,0.11829039454460144,4.201671981718391e-05,3.836745963781141e-05,7621,0.2859277129173279,0.15421627461910248,0.2100733616916343,0.49133431381030657,34076,128134,69354,162210,38008,0,4.267785729320143,32.268862758995965,0.22526190080679953,5.0,2.0,2.0,0.3,1.0,10,20,100,0.0,0.05,10.0,False
epoch,1782296211.8290222,23,1140.2327218649443,9.870813255138563e-05,0.7522091269493103,0.017565598711371422,0.2587316632270813,0.07341023534536362,0.11795442551374435,9.36385040404275e-05,0.0001398510648868978,7621,0.28610527515411377,0.15353962779045105,0.21186587585592057,0.4934250367678865,34221,127301,69354,161522,38008,0,4.249684276994317,30.47945616208017,0.23711781995370984,5.0,2.0,2.0,0.3,1.0,10,20,100,0.0,0.05,10.0,False
epoch,1782297282.0785487,24,1060.9333292818628,9.859008715421203e-05,0.7527450323104858,0.017656711861491203,0.25900721549987793,0.07314073294401169,0.11829468607902527,0.0001658111868891865,6.518277223221958e-05,7621,0.28601232171058655,0.15219050645828247,0.2065648025123807,0.4931654987455662,34203,131377,69354,165580,38008,0,4.3564512734161225,29.403982904041186,0.2238518421072513,5.0,2.0,2.0,0.3,1.0,10,20,100,0.0,0.05,10.0,False
epoch,1782298499.2666132,25,1209.0816447727848,9.846696269602964e-05,0.7460248470306396,0.017368536442518234,0.2559773325920105,0.07348515093326569,0.11850491911172867,0.00025779582210816443,0.0002012286422541365,7621,1.0997570753097534,0.03875797986984253,0.3842788636684418,0.06855644285678864,0.13619071245193481,0.0002962260041385889,0.0,0,0.2866700291633606,0.15312401950359344,0.2086266702862486,0.49864463477232746,34583,131182,69354,165765,38008,0,4.361318669753736,143.8886501318775,0.23317135102115571,5.0,2.0,2.0,0.3,1.0,10,20,100,0.0,0.05,10.0,False
epoch,1782299599.246596,26,1090.2338365728501,9.833877274497584e-05,0.7473766207695007,0.0172285083681345,0.256603866815567,0.07382974028587341,0.1185012236237526,0.0003686673881020397,4.089935464435257e-05,7621,0.2860700786113739,0.15371224284172058,0.2150763634990655,0.49280502927012143,34178,124733,69354,158911,38008,0,4.180988213007788,29.85909049399197,0.2346747680567205,5.0,2.0,2.0,0.3,1.0,10,20,100,0.0,0.05,10.0,False
epoch,1782300682.7472658,27,1075.9361959390808,9.820553142739803e-05,0.7450191974639893,0.017054690048098564,0.2554694414138794,0.07415378838777542,0.11873022466897964,0.0004991899477317929,9.900405711960047e-05,7621,0.2874063551425934,0.15304246544837952,0.21146887231371392,0.4954580846093953,34362,128130,69354,162492,38008,0,4.275205219953694,30.47413840284571,0.2098828840535134,5.0,2.0,2.0,0.3,1.0,10,20,100,0.0,0.05,10.0,False
epoch,1782301745.4898713,28,1055.6201258951332,9.80672534262969e-05,0.7438898682594299,0.017071140930056572,0.2554015517234802,0.07354214787483215,0.11822126805782318,0.000644695945084095,3.83304686693009e-05,7621,0.28744909167289734,0.15286874771118164,0.21291691366884027,0.4919831588661072,34121,126134,69354,160255,38008,0,4.216349189644285,30.146132713882253,0.21915227500721812,5.0,2.0,2.0,0.3,1.0,10,20,100,0.0,0.05,10.0,False
epoch,1782302847.2167175,29,1094.0775105119683,9.792395397970834e-05,0.7442759275436401,0.01714242622256279,0.2551931142807007,0.0736827552318573,0.11833544075489044,0.0008110002381727099,6.376017699949443e-05,7621,0.2883042097091675,0.15320999920368195,0.21858123276249117,0.49137757014735994,34079,121831,69354,155910,38008,0,4.10203115133656,29.726530154934153,0.2336345489602536,5.0,2.0,2.0,0.3,1.0,10,20,100,0.0,0.05,10.0,False
epoch,1782304063.4330256,30,1207.6678744298406,9.777564887902432e-05,0.7428048253059387,0.017194490879774094,0.2543320953845978,0.07358918339014053,0.11784406006336212,0.0009898720309138298,3.809072222793475e-05,7621,1.106187105178833,0.03874966874718666,0.38711604475975037,0.06852804869413376,0.13694879412651062,0.0011503947898745537,0.0,0,0.286792129278183,0.1537119448184967,0.2101723413198823,0.4902384866049543,34000,127772,69354,161772,38008,0,4.256261839612713,146.28820957802236,0.22175281797535717,5.0,2.0,2.0,0.3,1.0,10,20,100,0.0,0.05,10.0,False
epoch,1782305188.9498665,31,1117.0962353670038,9.762235446725265e-05,0.7366260290145874,0.016939908266067505,0.25188034772872925,0.07349372655153275,0.11684980243444443,0.0011791175929829478,6.649421993643045e-05,7621,0.29130905866622925,0.15715055167675018,0.21054103003561486,0.49949534273437723,34642,129896,69354,164538,38008,0,4.329035992422648,33.488928521983325,0.22023806697688997,5.0,2.0,2.0,0.3,1.0,10,20,100,0.0,0.05,10.0,False
epoch,1782306310.9676244,32,1105.7287668520585,9.746408763721603e-05,0.7348138093948364,0.01688048616051674,0.25114911794662476,0.073361337184906,0.11671209335327148,0.0013916707830503583,6.90128217684105e-05,7621,0.28963175415992737,0.1559625118970871,0.21088414708241185,0.5004614009285694,34709,129879,69354,164588,38008,0,4.330351504946327,30.171931204851717,0.30001126299612224,5.0,2.0,2.0,0.3,1.0,10,20,100,0.0,0.05,10.0,False
epoch,1782307406.406341,33,1087.8812388440128,9.730086582969041e-05,0.7372068762779236,0.017103422433137894,0.2527466118335724,0.07229117304086685,0.11617756634950638,0.001614007051102817,9.491433593211696e-05,7621,0.2852243483066559,0.15235573053359985,0.20112946028435685,0.49503994001787927,34333,136368,69354,170701,38008,0,4.491186066091349,29.578560441033915,0.22404686803929508,5.0,2.0,2.0,0.3,1.0,10,20,100,0.0,0.05,10.0,False
epoch,1782308497.944681,34,1083.1509168068878,9.71327070314832e-05,0.7289630770683289,0.016618184745311737,0.24851174652576447,0.07349610328674316,0.11616946011781693,0.0018577324226498604,0.0003136665327474475,7621,0.2865639328956604,0.15460041165351868,0.21097116750015435,0.49270409781699687,34171,127799,69354,161970,38008,0,4.261471269206483,29.2433240248356,0.2527514910325408,5.0,2.0,2.0,0.3,1.0,10,20,100,0.0,0.05,10.0,False
epoch,1782309718.955743,35,1211.7905435299035,9.695962977345092e-05,0.7300662994384766,0.01664401963353157,0.24853096902370453,0.07383178174495697,0.11637350171804428,0.002120690420269966,0.00011461925168987364,7621,1.1055594682693481,0.03878670558333397,0.3855487108230591,0.0690174475312233,0.1368536651134491,0.002494631102308631,0.0,0,0.2882620096206665,0.15442481637001038,0.2147195782327305,0.497981370937509,34537,126310,69354,160847,38008,0,4.231924857924647,145.20002315496095,0.24935345398262143,5.0,2.0,2.0,0.3,1.0,10,20,100,0.0,0.05,10.0,False
epoch,1782310815.7492044,36,1089.1157151728403,9.67816531284574e-05,0.7260038256645203,0.016377845779061317,0.2463836818933487,0.0744747593998909,0.116436667740345,0.0023968142922967672,7.399389869533479e-05,7621,0.2865224778652191,0.153858944773674,0.21252054199869772,0.49413155693975835,34270,126985,69354,161255,38008,0,4.24265944011787,30.173971879063174,0.23843254405073822,5.0,2.0,2.0,0.3,1.0,10,20,100,0.0,0.05,10.0,False
epoch,1782311908.249083,37,1085.532305601053,9.659879670927169e-05,0.7254326939582825,0.016362637281417847,0.24557922780513763,0.07489053159952164,0.11622773855924606,0.0026806548703461885,7.406886288663372e-05,7621,0.2847127914428711,0.15141770243644714,0.21655326625139754,0.48873893358710385,33896,122629,69354,156525,38008,0,4.118211955377816,28.747983205132186,0.22707204497419298,5.0,2.0,2.0,0.3,1.0,10,20,100,0.0,0.05,10.0,False
epoch,1782313010.0312748,38,1092.6374436761253,9.641108066640701e-05,0.7224248647689819,0.01618160307407379,0.24438060820102692,0.07488135993480682,0.11658713221549988,0.002991452580317855,0.0001647504250286147,7621,0.28447481989860535,0.15254457294940948,0.21415800825862608,0.485321682959887,33659,123510,69354,157169,38008,0,4.135155756682804,29.739654525881633,0.23079709219746292,5.0,2.0,2.0,0.3,1.0,10,20,100,0.0,0.05,10.0,False
epoch,1782314140.40402,39,1122.2014612040948,9.621852568590005e-05,0.7204509377479553,0.016169998794794083,0.2439865618944168,0.0741732269525528,0.11560395359992981,0.003280358389019966,6.903587200213224e-05,7621,0.288815975189209,0.15441548824310303,0.2149328806312679,0.4928915419442282,34184,124861,69354,159045,38008,0,4.184513786571248,29.59068355616182,0.20837210002355278,5.0,2.0,2.0,0.3,1.0,10,20,100,0.0,0.05,10.0,False
epoch,1782315365.8843684,40,1218.649116405053,9.602115298703144e-05,0.7195641398429871,0.01612304337322712,0.24318461120128632,0.0744926854968071,0.1151147186756134,0.00359322689473629,8.699738827999681e-05,7621,1.1160147190093994,0.03925439342856407,0.38832351565361023,0.06942033022642136,0.13631805777549744,0.00425485847517848,0.0,0,0.2847403883934021,0.15487255156040192,0.21535755858089983,0.4908440753237016,34042,124030,69354,158072,38008,0,4.15891391286045,144.83421388990246,0.26076437905430794,5.0,2.0,2.0,0.3,1.0,10,20,100,0.0,0.05,10.0,False
epoch,1782316495.9290245,41,1120.5371773599181,9.581898431998743e-05,0.720666229724884,0.016310203820466995,0.2434459924697876,0.0741499736905098,0.11493201553821564,0.003923169802874327,1.755798075464554e-05,7621,0.2891596853733063,0.15615630149841309,0.21575411403552916,0.49453528275225656,34298,124670,69354,158968,38008,0,4.1824878972847825,28.787146023940295,0.2134173889644444,5.0,2.0,2.0,0.3,1.0,10,20,100,0.0,0.05,10.0,False
epoch,1782317607.5316887,42,1103.741134555079,9.561204196346296e-05,0.7186601758003235,0.01602703146636486,0.243214413523674,0.07390470057725906,0.11525820940732956,0.004285786766558886,2.9468423235812224e-05,7621,0.28851985931396484,0.1545838564634323,0.21810809947961562,0.49253107246878336,34159,122456,69354,156615,38008,0,4.120579877920438,29.05596308899112,0.2042343569919467,5.0,2.0,2.0,0.3,1.0,10,20,100,0.0,0.05,10.0,False
epoch,1782318701.7514434,43,1084.394340232946,9.540034872220677e-05,0.7127007246017456,0.01581452041864395,0.24014392495155334,0.07436200231313705,0.11450225114822388,0.004615833982825279,0.00011641079618129879,7621,0.2911721467971802,0.15784332156181335,0.21368586108373774,0.4971306629754592,34478,126871,69354,161349,38008,0,4.245132603662387,29.771996775874868,0.2226985131856054,5.0,2.0,2.0,0.3,1.0,10,20,100,0.0,0.05,10.0,False
epoch,1782319866.2666004,44,1148.0461796971504,9.518392792450812e-05,0.7115799188613892,0.015639981254935265,0.2387891411781311,0.07539854943752289,0.11494304239749908,0.0050050802528858185,2.413471884210594e-05,7621,0.28576669096946716,0.1533873975276947,0.21772062369393988,0.4882342763214811,33861,121664,69354,155525,38008,0,4.091901704904231,29.419530261075124,0.22707525198347867,5.0,2.0,2.0,0.3,1.0,10,20,100,0.0,0.05,10.0,False
epoch,1782321089.1511676,45,1214.8746915508527,9.496280341962624e-05,0.7118724584579468,0.015538806095719337,0.23857258260250092,0.07581136375665665,0.11542166769504547,0.0054095108062028885,0.00017048920562956482,7621,1.1190767288208008,0.039164599031209946,0.38733696937561035,0.07106059044599533,0.13785363733768463,0.006459800526499748,0.0,0,0.28188595175743103,0.1525016576051712,0.21693312781751228,0.48500446982149553,33637,121420,69354,155057,38008,0,4.079588507682593,148.82662775483914,0.228787382831797,5.0,2.0,2.0,0.3,1.0,10,20,100,0.0,0.05,10.0,False
epoch,1782322175.6688433,46,1079.0949313740712,9.473699957516206e-05,0.7136210203170776,0.01575702615082264,0.23923221230506897,0.07529141008853912,0.1150992214679718,0.005789326969534159,2.6972818886861205e-05,7621,0.2854340672492981,0.1540949046611786,0.21291405873102395,0.48999336736165183,33983,125626,69354,159609,38008,0,4.1993527678383495,31.695985942846164,0.26189754880033433,5.0,2.0,2.0,0.3,1.0,10,20,100,0.0,0.05,10.0,False
epoch,1782323263.1319475,47,1080.1136993181426,9.450654127437296e-05,0.7103685736656189,0.015649570152163506,0.23825420439243317,0.07473237812519073,0.11425304412841797,0.006147362757474184,4.423999416758306e-05,7621,0.2855662405490875,0.15518847107887268,0.21007132720658864,0.48878218992415723,33899,127470,69354,161369,38008,0,4.245658808671859,28.466007857816294,0.23238658299669623,5.0,2.0,2.0,0.3,1.0,10,20,100,0.0,0.05,10.0,False
epoch,1782324372.8856537,48,1102.1132673430257,9.427145391343072e-05,0.7066484689712524,0.015443851239979267,0.23554350435733795,0.0758841261267662,0.1145579069852829,0.0065743145532906055,3.950266545871273e-05,7621,0.2860114872455597,0.15508383512496948,0.21352053493360507,0.4894310349799579,33944,125029,69354,158973,38008,0,4.18261944853715,33.36002949695103,0.25696386815980077,5.0,2.0,2.0,0.3,1.0,10,20,100,0.0,0.05,10.0,False
epoch,1782325475.3054554,49,1094.241568437079,9.403176339862283e-05,0.7054309844970703,0.015368811786174774,0.23600444197654724,0.07479841262102127,0.11433420330286026,0.006981516256928444,3.916908462997526e-05,7621,0.28685081005096436,0.15431444346904755,0.2179018856275564,0.4885370706808547,33882,121610,69354,155492,38008,0,4.091033466638603,28.677323342999443,0.20186749915592372,5.0,2.0,2.0,0.3,1.0,10,20,100,0.0,0.05,10.0,False
epoch,1782326657.2520256,50,1175.091745815007,9.378749614349768e-05,0.701746940612793,0.015163622796535492,0.23382194340229034,0.07543780654668808,0.11432074010372162,0.007408523932099342,3.631431900430471e-05,7621,1.1249197721481323,0.0396345853805542,0.38887351751327515,0.07006829231977463,0.13678696751594543,0.008863500319421291,0.0,0,0.2892321050167084,0.15646223723888397,0.21791317457072773,0.4918678086339649,34113,122431,69354,156544,38008,0,4.118711850136814,139.38563938997686,0.2213523299433291,5.0,2.0,2.0,0.3,1.0,10,20,100,0.0,0.05,10.0,False
epoch,1782327740.9087992,51,1072.1437305118889,9.353867906595386e-05,0.7020621299743652,0.015353327617049217,0.23488351702690125,0.07388731837272644,0.11297924816608429,0.007752604316920042,1.7408907297067344e-05,7621,0.28793394565582275,0.15484081208705902,0.2098374705396223,0.4942469071719007,34278,129077,69354,163355,38008,0,4.297910966112397,28.01859168591909,0.2211374039761722,5.0,2.0,2.0,0.3,1.0,10,20,100,0.0,0.05,10.0,False
epoch,1782328878.1910048,52,1129.055424965918,9.328533958527379e-05,0.699943482875824,0.015184763818979263,0.2332611232995987,0.07464111596345901,0.11332457512617111,0.00821473728865385,4.955921394866891e-05,7621,0.2875060439109802,0.1566481739282608,0.21417954908908468,0.4924301410156588,34152,125303,69354,159455,38008,0,4.195300989265418,30.12378486408852,0.20334160304628313,5.0,2.0,2.0,0.3,1.0,10,20,100,0.0,0.05,10.0,False
epoch,1782330010.5825424,53,1124.3080387450755,9.30275056191022e-05,0.6973572969436646,0.014920572750270367,0.23092596232891083,0.07610165327787399,0.11375147849321365,0.008699669502675533,2.0734829377033748e-05,7621,0.2884558141231537,0.1568380892276764,0.22219607073976005,0.4900366236987052,33986,118969,69354,152955,38008,0,4.024284361187118,27.426934865070507,0.23000547592528164,5.0,2.0,2.0,0.3,1.0,10,20,100,0.0,0.05,10.0,False
epoch,1782331087.8988652,54,1067.710323723033,9.276520558036962e-05,0.6973898410797119,0.014960099942982197,0.2308613508939743,0.07589291781187057,0.11290225386619568,0.009082633070647717,3.9337573980446905e-05,7621,0.2875877618789673,0.1573590189218521,0.215402317849219,0.48855148945987253,33883,123418,69354,157301,38008,0,4.1386287097453165,29.130358303897083,0.2543206559494138,5.0,2.0,2.0,0.3,1.0,10,20,100,0.0,0.05,10.0,False
epoch,1782332369.267302,55,1273.5305658001453,9.24984683741613e-05,0.6943667531013489,0.014995471574366093,0.2301030158996582,0.07485464215278625,0.11208450049161911,0.009474363178014755,7.846771768527105e-05,7621,1.1327717304229736,0.03997466713190079,0.39093297719955444,0.06979890167713165,0.13526850938796997,0.011434496380388737,0.0,0,0.29125016927719116,0.15839216113090515,0.2143337777722396,0.4960204169910892,34401,126101,69354,160502,38008,0,4.222847821511261,145.62037752987817,0.23258219799026847,5.0,2.0,2.0,0.3,1.0,10,20,100,0.0,0.05,10.0,False
epoch,1782333558.901068,56,1171.8176508150063,9.222732339453195e-05,0.6994296908378601,0.015164678916335106,0.23223060369491577,0.07458601146936417,0.11250211298465729,0.009972507134079933,6.584294169442728e-05,7621,0.2941696047782898,0.15903517603874207,0.21876426144718827,0.4976497390200998,34514,123254,69354,157768,38008,0,4.150915596716481,31.29462818801403,0.2225137180648744,5.0,2.0,2.0,0.3,1.0,10,20,100,0.0,0.05,10.0,False
epoch,1782334730.9698062,57,1155.0930888960138,9.195180052126659e-05,0.6925176382064819,0.014810144901275635,0.22902347147464752,0.07501030713319778,0.11202890425920486,0.010397972539067268,5.0537466449895874e-05,7621,0.2924879491329193,0.15802760422229767,0.2153356673576882,0.49574646018975116,34382,125285,69354,159667,38008,0,4.200878762365818,29.740133040118963,0.21896444587036967,5.0,2.0,2.0,0.3,1.0,10,20,100,0.0,0.05,10.0,False
epoch,1782335852.235862,58,1111.3004454988986,9.167193011658772e-05,0.688842236995697,0.014555173926055431,0.2268255352973938,0.07576955109834671,0.11209910362958908,0.01087681669741869,4.146094579482451e-05,7621,0.292822003364563,0.1595740020275116,0.21751154396154743,0.49785160192634886,34528,124213,69354,158741,38008,0,4.176515470427279,28.181401669047773,0.20974145899526775,5.0,2.0,2.0,0.3,1.0,10,20,100,0.0,0.05,10.0,False
epoch,1782337003.3384097,59,1133.3307737328578,9.138774302180955e-05,0.6908075213432312,0.014762910082936287,0.22697536647319794,0.07585665583610535,0.11183851212263107,0.011327972635626793,8.850266021909192e-05,7621,0.2934350073337555,0.15801432728767395,0.21508562058620753,0.499307898607146,34629,126372,69354,161001,38008,0,4.235976636497579,28.86696621309966,0.20632777293212712,5.0,2.0,2.0,0.3,1.0,10,20,100,0.0,0.05,10.0,False
epoch,1782338245.9636157,60,1233.6819978479762,9.109927055393931e-05,0.6868025064468384,0.014516742900013924,0.22554737329483032,0.0756511241197586,0.1119525134563446,0.011822384782135487,4.133531547267921e-05,7621,1.1332814693450928,0.03951265662908554,0.3890511393547058,0.07158063352108002,0.13690298795700073,0.0144556425511837,0.0,0,0.2933019995689392,0.15891531109809875,0.21820531827944725,0.4965827493727831,34440,123393,69354,157833,38008,0,4.152625762997264,140.9215949238278,0.21665792795829475,5.0,2.0,2.0,0.3,1.0,10,20,100,0.0,0.05,10.0,False
epoch,1782339377.0311012,61,1122.0936682389583,9.080654450222616e-05,0.6841431856155396,0.014330531470477581,0.22454553842544556,0.0755697712302208,0.11151982843875885,0.01226026751101017,7.949452265165746e-05,7621,0.2898537814617157,0.15868861973285675,0.2179964612623201,0.4920840903192318,34128,122425,69354,156553,38008,0,4.118948642391076,27.447121981997043,0.23056665691547096,5.0,2.0,2.0,0.3,1.0,10,20,100,0.0,0.05,10.0,False
epoch,1782340510.0232131,62,1123.2484054700471,9.0509597124658e-05,0.6833118200302124,0.014473511837422848,0.22527070343494415,0.07388556003570557,0.11049123853445053,0.012630538083612919,4.434875518199988e-05,7621,0.2941816449165344,0.16110923886299133,0.21640056967243834,0.49952418029241286,34644,125448,69354,160092,38008,0,4.212060618817091,28.573230426060036,0.2092795770149678,5.0,2.0,2.0,0.3,1.0,10,20,100,0.0,0.05,10.0,False
epoch,1782341621.4875116,63,1096.8725763470866,9.020846114440681e-05,0.6786003112792969,0.014082735404372215,0.22156922519207,0.07592570036649704,0.11117473989725113,0.01319717988371849,0.0002860116364900023,7621,0.28863459825515747,0.15683642029762268,0.21980109726072544,0.4904403495112034,34014,120735,69354,154749,38008,0,4.071484950536729,28.838397602085024,0.206805711844936,5.0,2.0,2.0,0.3,1.0,10,20,100,0.0,0.05,10.0,False
epoch,1782342758.9964957,64,1129.8076558129396,8.990316974622249e-05,0.6775123476982117,0.013991869054734707,0.22138279676437378,0.07555833458900452,0.11103405058383942,0.01367199420928955,1.0416328223072924e-05,7621,0.29290181398391724,0.15927904844284058,0.2179956479537135,0.4954580846093953,34362,123265,69354,157627,38008,0,4.147205851399705,29.58113602292724,0.27231151796877384,5.0,2.0,2.0,0.3,1.0,10,20,100,0.0,0.05,10.0,False
epoch,1782343983.0490284,65,1216.1332817741204,8.9593756572776e-05,0.6779409050941467,0.014065081253647804,0.22064204514026642,0.07610093057155609,0.11073877662420273,0.014130771160125732,3.3376163628418e-05,7621,1.1407849788665771,0.039446257054805756,0.39053434133529663,0.07244708389043808,0.13786117732524872,0.017590206116437912,0.0,0,0.28905612230300903,0.1585153043270111,0.2207764463692684,0.49173803962280477,34104,120369,69354,154473,38008,0,4.06422332140602,152.7684253929183,0.26264015189372003,5.0,2.0,2.0,0.3,1.0,10,20,100,0.0,0.05,10.0,False
epoch,1782345100.4559386,66,1111.1867464450188,8.9280255720952e-05,0.673372209072113,0.013719633221626282,0.21823737025260925,0.07680270075798035,0.11128998547792435,0.01469263806939125,9.78753887466155e-05,7621,0.2856193482875824,0.15533827245235443,0.22155488384596722,0.4872105430112178,33790,118723,69354,152513,38008,0,4.012655230477794,29.698867532191798,0.21964698284864426,5.0,2.0,2.0,0.3,1.0,10,20,100,0.0,0.05,10.0,False
epoch,1782346201.7448246,67,1091.3136276688892,8.896270173809136e-05,0.6725664734840393,0.01379841472953558,0.21787717938423157,0.07636116445064545,0.11059170961380005,0.01509697176516056,9.325940482085571e-05,7621,0.2890552878379822,0.1569480448961258,0.21383419267129852,0.4921417654353029,34132,125487,69354,159619,38008,0,4.199615870343085,31.650178316049278,0.23095245519652963,5.0,2.0,2.0,0.3,1.0,10,20,100,0.0,0.05,10.0,False
