type,time,epoch,lr,train_loss,train_loss_bbox,train_loss_giou,train_loss_score,train_loss_rank_raw,train_loss_rank,map50,map50_95,precision,recall,tp,fp,num_gt,num_pred,valid_samples,skipped_empty_gt,avg_selected_per_sample,lambda_bbox,lambda_giou,lambda_score,lambda_rank_max,pos_weight,quality_warmup_epoch,rank_start_epoch,rank_warmup_epoch,rank_alpha_min,amp_dtype,allow_tf32,channels_last,query_budget_batching
epoch,1781757101.9990578,1,9.999981872158474e-05,3.9152159690856934,0.26937639713287354,1.0989686250686646,0.18545031547546387,0.0,0.0,3.2441269013361307e-06,4.852635294483321e-07,0.0007682585313870784,0.0026069040911575496,62,80640,23783,80702,12669,0,6.370037098429237,4.986666666666666,2.0,2.0166666666666666,0.1,1.0,20,30,60,0.0001,bf16,True,False,True
epoch,1781759081.7756696,2,9.999438551132195e-05,3.0992186069488525,0.18541370332241058,0.9344276785850525,0.15159079432487488,0.0,0.0,0.0011843240354210138,0.0002846918736516102,0.009209692908076742,0.07581045284446873,1803,193969,23783,195772,12669,0,15.452837635172468,4.973333333333334,2.0,2.033333333333333,0.1,1.0,20,30,60,0.0001,bf16,True,False,True
epoch,1781761268.1860769,3,9.998135298716211e-05,2.8609399795532227,0.1632830798625946,0.8822290301322937,0.13980501890182495,0.0,0.0,0.004835058934986591,0.0015836349808992622,0.015275969147550836,0.12824286254887945,3050,196610,23783,199660,12669,0,15.759728471071119,4.96,2.0,2.05,0.1,1.0,20,30,60,0.0001,bf16,True,False,True
epoch,1781763333.4250474,4,9.996088712580143e-05,2.694594383239746,0.15001125633716583,0.8436534404754639,0.12833616137504578,0.0,0.0,0.004303102847188711,0.0010468096339337762,0.016580460036958965,0.15014926628263886,3571,211803,23783,215374,12669,0,17.000078932828163,4.946666666666666,2.0,2.066666666666667,0.1,1.0,20,30,60,0.0001,bf16,True,False,True
epoch,1781765674.022305,5,9.993278022316859e-05,2.614698648452759,0.14392971992492676,0.8271329998970032,0.12018195539712906,0.0,0.0,2.5450751781463623,0.13903628289699554,0.8021032810211182,0.12237881124019623,0.0,0.0,0.006746194325387478,0.001883760806850887,0.02106837147666631,0.197872429886894,4706,218662,23783,223368,12669,0,17.631067961165048,4.933333333333334,2.0,2.0833333333333335,0.1,1.0,20,30,60,0.0001,bf16,True,False,True
epoch,1781767756.1951299,6,9.989690905996974e-05,2.5344698429107666,0.1371869295835495,0.8105894327163696,0.11349219083786011,0.0,0.0,0.012531411834061146,0.0038409129935644158,0.021860348453568466,0.19055627969558087,4532,202784,23783,207316,12669,0,16.364038203488832,4.92,2.0,2.1,0.1,1.0,20,30,60,0.0001,bf16,True,False,True
epoch,1781769840.7249649,7,9.985346852166186e-05,2.508549451828003,0.1363275796175003,0.8078892230987549,0.10575920343399048,0.0,0.0,0.013618510216474533,0.0039496468610877855,0.02592802493624256,0.23853172434091577,5673,213125,23783,218798,12669,0,17.27034493645907,4.906666666666666,2.0,2.1166666666666667,0.1,1.0,20,30,60,0.0001,bf16,True,False,True
epoch,1781771838.2869406,8,9.980279592220009e-05,2.450380325317383,0.1325150579214096,0.7944939136505127,0.09982199966907501,0.0,0.0,0.018452800810337067,0.006672121228803007,0.025682879457828836,0.2090568893747635,4972,188620,23783,193592,12669,0,15.28076406977662,4.8933333333333335,2.0,2.1333333333333333,0.1,1.0,20,30,60,0.0001,bf16,True,False,True
epoch,1781773921.119961,9,9.974427187180388e-05,2.4159934520721436,0.13044115900993347,0.7875950336456299,0.09500067681074142,0.0,0.0,0.016896380111575127,0.006054001344364224,0.023617375956069817,0.20253962914686963,4817,199143,23783,203960,12669,0,16.09913963217302,4.88,2.0,2.15,0.1,1.0,20,30,60,0.0001,bf16,True,False,True
epoch,1781776211.675827,10,9.967819526172627e-05,2.3739306926727295,0.12693803012371063,0.7804940342903137,0.0900803655385971,0.0,0.0,2.3436620235443115,0.12510384619235992,0.7674804329872131,0.09224414825439453,0.0,0.0,0.026554076001048088,0.008458382504613837,0.03236686039295678,0.25219694739940296,5998,179315,23783,185313,12669,0,14.627279185413213,4.866666666666666,2.0,2.1666666666666665,0.1,1.0,20,30,60,0.0001,bf16,True,False,True
epoch,1781778318.9057343,11,9.960500746179299e-05,2.332193613052368,0.12489516288042068,0.7702621221542358,0.08496727049350739,0.0,0.0,0.023810287937521935,0.0075027456631687525,0.02697762684778266,0.2271370306521465,5402,194838,23783,200240,12669,0,15.805509511405793,4.8533333333333335,2.0,2.183333333333333,0.1,1.0,20,30,60,0.0001,bf16,True,False,True
epoch,1781780325.169284,12,9.9523873436294e-05,2.298879861831665,0.12179306149482727,0.7639672160148621,0.08248404413461685,0.0,0.0,0.029107768088579178,0.010912674638166208,0.025462577320141663,0.19921792877265274,4738,181339,23783,186077,12669,0,14.687583866129923,4.84,2.0,2.2,0.1,1.0,20,30,60,0.0001,bf16,True,False,True
epoch,1781782325.5837333,13,9.943528033398918e-05,2.2794413566589355,0.12120909243822098,0.7593756914138794,0.07924339920282364,0.0,0.0,0.03795513138175011,0.01354893794587042,0.032592551996273256,0.25005255855022496,5947,176518,23783,182465,12669,0,14.402478490804326,4.826666666666666,2.0,2.216666666666667,0.1,1.0,20,30,60,0.0001,bf16,True,False,True
epoch,1781784351.8233504,14,9.933902488823032e-05,2.265763759613037,0.12025700509548187,0.7575010657310486,0.07698218524456024,0.0,0.0,0.0387570858001709,0.013295214819390822,0.03373479134821584,0.2533322120842619,6025,172574,23783,178599,12669,0,14.097324177125266,4.8133333333333335,2.0,2.2333333333333334,0.1,1.0,20,30,60,0.0001,bf16,True,False,True
epoch,1781786614.649223,15,9.923553656411343e-05,2.2308080196380615,0.11743041127920151,0.7495366334915161,0.07469769567251205,0.0,0.0,2.225027084350586,0.11717154085636139,0.7459284663200378,0.07588732987642288,0.0,0.0,0.032602306455373764,0.011668648049453622,0.03127142420942867,0.22823024849682547,5428,168149,23783,173577,12669,0,13.70092351408951,4.8,2.0,2.25,0.1,1.0,20,30,60,0.0001,bf16,True,False,True
epoch,1781788615.9901614,16,9.912471035902371e-05,2.2318356037139893,0.11811356246471405,0.7519235610961914,0.07174141705036163,0.0,0.0,0.036065347492694855,0.012689818342732907,0.03343118069145466,0.22410965815918935,5330,154102,23783,159432,12669,0,12.584418659720578,4.786666666666667,2.0,2.2666666666666666,0.1,1.0,20,30,60,0.0001,bf16,True,False,True
epoch,1781790577.5021963,17,9.900645940849537e-05,2.2087671756744385,0.11612565070390701,0.7470202445983887,0.07025612145662308,0.0,0.0,0.033250756561756134,0.011072523960683612,0.035213313279066315,0.22936551318168438,5455,149458,23783,154913,12669,0,12.227721209250927,4.773333333333333,2.0,2.283333333333333,0.1,1.0,20,30,60,0.0001,bf16,True,False,True
epoch,1781792531.8777454,18,9.887998842808965e-05,2.1942453384399414,0.11435108631849289,0.7452266216278076,0.06933990865945816,0.0,0.0,0.036395907402038574,0.012326065319939516,0.03720936011082053,0.25186057267796325,5990,154991,23783,160981,12669,0,12.706685610545426,4.76,2.0,2.3,0.1,1.0,20,30,60,0.0001,bf16,True,False,True
epoch,1781794497.4725752,19,9.874668407079021e-05,2.163463592529297,0.11191299557685852,0.7370272874832153,0.06828590482473373,0.0,0.0,0.045069627463817596,0.01486242113096523,0.043341182626896915,0.2786023630324181,6626,146254,23783,152880,12669,0,12.067250769595075,4.746666666666667,2.0,2.3166666666666664,0.1,1.0,20,30,60,0.0001,bf16,True,False,True
epoch,1781796733.5940344,20,9.860565179841182e-05,2.154156446456909,0.11031478643417358,0.7358637452125549,0.06868550926446915,0.0,0.0,2.14990234375,0.11098308861255646,0.7319064736366272,0.0689016729593277,0.0,0.0,0.03695354238152504,0.012770069655380212,0.0355343308107553,0.2327713072362612,5536,150257,23783,155793,12669,0,12.297182098034572,4.733333333333333,2.0,2.3333333333333335,0.1,1.0,20,30,60,0.0001,bf16,True,False,True
epoch,1781798689.1210825,21,9.845745794223091e-05,2.143198013305664,0.11064095050096512,0.7276978492736816,0.07045640051364899,0.0,0.0,0.039628297090530396,0.013234724238463969,0.03759687148220688,0.24294664255981163,5778,147905,23783,153683,12669,0,12.13063383061015,4.72,2.0,2.35,0.1,1.0,20,30,60,0.0001,bf16,True,False,True
epoch,1781800653.6517167,22,9.830157782806925e-05,2.133226156234741,0.10873690247535706,0.7265523076057434,0.07112563401460648,0.0,0.0,0.038544680923223495,0.012694142455802648,0.036562349119957864,0.24517512508934952,5831,153650,23783,159481,12669,0,12.588286368300576,4.706666666666667,2.0,2.3666666666666667,0.1,1.0,20,30,60,0.0001,bf16,True,False,True
epoch,1781802722.2620873,23,9.813968925813629e-05,2.0931618213653564,0.10565116256475449,0.7137595415115356,0.07123913615942001,0.0,0.0,0.04029136523604393,0.014116182959696744,0.037693665424593056,0.24244208047765212,5766,147204,23783,152970,12669,0,12.074354724129766,4.693333333333333,2.0,2.3833333333333333,0.1,1.0,20,30,60,0.0001,bf16,True,False,True
epoch,1781804704.248107,24,9.79693587875074e-05,2.107949733734131,0.10534568130970001,0.7205901145935059,0.07239583134651184,0.0,0.0,0.045629482716321945,0.01662867733539315,0.04228547435715108,0.2625404700836732,6244,141419,23783,147663,12669,0,11.655458205067488,4.68,2.0,2.4,0.1,1.0,20,30,60,0.0001,bf16,True,False,True
epoch,1781806939.394491,25,9.779259055670185e-05,2.0959577560424805,0.10485803335905075,0.7159425020217896,0.07230395078659058,0.0,0.0,2.1257734298706055,0.1079539954662323,0.7238560914993286,0.07211492210626602,0.0,0.0,0.041089266538619995,0.014551102547557093,0.039321850360393894,0.24429214144557038,5810,141945,23783,147755,12669,0,11.662720025258505,4.666666666666667,2.0,2.4166666666666665,0.1,1.0,20,30,60,0.0001,bf16,True,False,True
epoch,1781808938.6906855,26,9.76074959975606e-05,2.086977005004883,0.10292097926139832,0.715124785900116,0.07306897640228271,0.0,0.0,0.04511962831020355,0.016370360800647177,0.04447399938723783,0.26855316822940756,6387,137225,23783,143612,12669,0,11.33570131817823,4.653333333333333,2.0,2.4333333333333336,0.1,1.0,20,30,60,0.0001,bf16,True,False,True
epoch,1781810971.0392654,27,9.741607074669305e-05,2.077338218688965,0.1025913879275322,0.7123837471008301,0.07206051796674728,0.0,0.0,0.047489065676927567,0.016748236272542273,0.042104057716532424,0.27826598831097843,6618,150564,23783,157182,12669,0,12.406819796353304,4.64,2.0,2.45,0.1,1.0,20,30,60,0.0001,bf16,True,False,True
epoch,1781812955.4742231,28,9.721669778036948e-05,2.066842794418335,0.10138659179210663,0.7089084386825562,0.07295038551092148,0.0,0.0,0.047814738005399704,0.01641675643986673,0.04385607240496514,0.2758693184207207,6561,143042,23783,149603,12669,0,11.80858789170416,4.626666666666667,2.0,2.466666666666667,0.1,1.0,20,30,60,0.0001,bf16,True,False,True
epoch,1781814933.5367334,29,9.70106416706319e-05,2.053236484527588,0.10091810673475266,0.702447235584259,0.07360021770000458,0.0,0.0,0.048550017178058624,0.017906466443673708,0.04236952156842684,0.2786023630324181,6626,149760,23783,156386,12669,0,12.34398926513537,4.613333333333333,2.0,2.4833333333333334,0.1,1.0,20,30,60,0.0001,bf16,True,False,True
epoch,1781817184.885487,30,9.679809915753787e-05,2.034766435623169,0.09901242703199387,0.6963984370231628,0.07460428774356842,0.11978016048669815,1.197691972265602e-06,2.059839963912964,0.10172448307275772,0.7032936811447144,0.07412765920162201,0.12162857502698898,1.2161756330897333e-06,0.047562770545482635,0.01743975958961528,0.04009544160431605,0.2706134633982256,6436,154081,23783,160517,12669,0,12.670060778277685,4.6,2.0,2.5,0.1,1.0,20,30,60,0.0001,bf16,True,False,True
epoch,1781819352.0731354,31,9.657752516141133e-05,2.035074234008789,0.09864871948957443,0.696593701839447,0.07526016980409622,0.1200782060623169,1.11039789771894e-05,0.05511966347694397,0.020666041669028346,0.043394394459188294,0.281882016566455,6704,147786,23783,154490,12669,0,12.19433262293788,4.586666666666667,2.0,2.5166666666666666,0.1,1.0,20,30,60,0.0001,bf16,True,False,True
epoch,1781821325.6796463,32,9.63507336050793e-05,2.017745018005371,0.09671082347631454,0.6925250291824341,0.07514341920614243,0.11949872225522995,4.015715967398137e-05,0.05631405860185623,0.021117784399393713,0.04769371037036014,0.2903334314426271,6905,137873,23783,144778,12669,0,11.42773699581656,4.573333333333333,2.0,2.533333333333333,0.1,1.0,20,30,60,0.0001,bf16,True,False,True
epoch,1781823343.0838416,33,9.611665518153176e-05,2.0161960124969482,0.09639641642570496,0.6900237798690796,0.07705692946910858,0.12056125700473785,8.86471098056063e-05,0.05803777277469635,0.02182430560933426,0.04393726380415576,0.2864651221460707,6813,148249,23783,155062,12669,0,12.239482200647249,4.56,2.0,2.55,0.1,1.0,20,30,60,0.0001,bf16,True,False,True
epoch,1781825368.9911706,34,9.587638873350424e-05,2.0137152671813965,0.09603475034236908,0.6893542408943176,0.07722518593072891,0.12067759782075882,0.00015482024173252285,0.05906610190868378,0.020786233706530766,0.04578027563800241,0.29386536601774377,6989,145675,23783,152664,12669,0,12.050201278711816,4.546666666666667,2.0,2.5666666666666664,0.1,1.0,20,30,60,0.0001,bf16,True,False,True
epoch,1781827615.1971028,35,9.562799611100667e-05,2.0274581909179688,0.09714420139789581,0.6936823725700378,0.0772133395075798,0.1209205836057663,0.00023902367684058845,2.077756643295288,0.10202161967754364,0.7102621793746948,0.0752866193652153,0.1223415806889534,0.00024177992600016296,0.060243040323257446,0.02128537545031577,0.04516703492398509,0.28793676155236936,6848,144767,23783,151615,12669,0,11.967400741968584,4.533333333333333,2.0,2.583333333333333,0.1,1.0,20,30,60,0.0001,bf16,True,False,True
epoch,1781829594.2098136,36,9.53729024962937e-05,2.010986328125,0.09550749510526657,0.6880174875259399,0.07804547995328903,0.12100885808467865,0.0003400207788217813,0.05392680689692497,0.017859549411514308,0.044905736060970716,0.2824286254887945,6717,142863,23783,149580,12669,0,11.806772436656406,4.52,2.0,2.6,0.1,1.0,20,30,60,0.0001,bf16,True,False,True
epoch,1781831534.8771732,37,9.511026201196748e-05,2.0066614151000977,0.0951748788356781,0.6862010359764099,0.07829836755990982,0.12087644636631012,0.0004562218673527241,0.05044151097536087,0.017621705262354227,0.04534131586108727,0.27322036748938316,6498,136815,23783,143313,12669,0,11.312100402557423,4.506666666666667,2.0,2.6166666666666667,0.1,1.0,20,30,60,0.0001,bf16,True,False,True
epoch,1781833532.677523,38,9.484091790520204e-05,1.9859516620635986,0.09282166510820389,0.6803175210952759,0.07885399460792542,0.12050304561853409,0.0005864889826625586,0.060258328914642334,0.023252933930780272,0.050867275935782844,0.2981541437160997,7091,132311,23783,139402,12669,0,11.00339411161102,4.493333333333333,2.0,2.6333333333333333,0.1,1.0,20,30,60,0.0001,bf16,True,False,True
epoch,1781835520.466296,39,9.456441307231276e-05,1.9827357530593872,0.09230101108551025,0.6784177422523499,0.07987082749605179,0.12056048959493637,0.0007343358593061566,0.06036665663123131,0.022383294397013743,0.04968485259234158,0.30824538535929025,7331,140219,23783,147550,12669,0,11.646538795485043,4.48,2.0,2.65,0.1,1.0,20,30,60,0.0001,bf16,True,False,True
epoch,1781837728.9357748,40,9.428233541967526e-05,1.9793087244033813,0.09188157320022583,0.6781349778175354,0.07940264046192169,0.12069743871688843,0.0008949622279033065,2.0413455963134766,0.09829995036125183,0.6969304084777832,0.07781381160020828,0.12276327610015869,0.0009095644927583635,0.05935906618833542,0.022740900288772535,0.05096990853254386,0.29100618088550645,6921,128865,23783,135786,12669,0,10.717973004972768,4.466666666666667,2.0,2.6666666666666665,0.1,1.0,20,30,60,0.0001,bf16,True,False,True
epoch,1781839668.9522948,41,9.399274869223836e-05,1.9760656356811523,0.09176325052976608,0.6772445440292358,0.07895158231258392,0.12074941396713257,0.0010697564575821161,0.061151642352342606,0.025469443559995853,0.051941347291435125,0.30458731026363367,7244,132221,23783,139465,12669,0,11.008366879785303,4.453333333333333,2.0,2.683333333333333,0.1,1.0,20,30,60,0.0001,bf16,True,False,True
epoch,1781841649.015881,42,9.36969717828916e-05,1.9651645421981812,0.09058365970849991,0.6729483604431152,0.07993367314338684,0.12034279853105545,0.0012544539058580995,0.061401039361953735,0.026624099577747983,0.05185903962716706,0.31909347012572004,7589,138750,23783,146339,12669,0,11.550951140579366,4.4399999999999995,2.0,2.7,0.1,1.0,20,30,60,0.0001,bf16,True,False,True
epoch,1781843619.3930087,43,9.339420371546296e-05,1.963504433631897,0.09091580659151077,0.6722884178161621,0.07915448397397995,0.11944381892681122,0.0014414888573810458,0.06166302040219307,0.025913239090004935,0.047640870070354356,0.31034772736828825,7381,147549,23783,154930,12669,0,12.229063067329703,4.426666666666667,2.0,2.716666666666667,0.1,1.0,20,30,60,0.0001,bf16,True,False,True
epoch,1781845600.8251429,44,9.308699855203072e-05,1.9511933326721191,0.08958443254232407,0.6678541898727417,0.07992721349000931,0.11948088556528091,0.0016497394535690546,0.0642252117395401,0.026917547854827716,0.05163089690826843,0.31913551696590003,7590,139415,23783,147005,12669,0,11.60352040413608,4.413333333333333,2.0,2.7333333333333334,0.1,1.0,20,30,60,0.0001,bf16,True,False,True
epoch,1781847840.3064327,45,9.277128732283055e-05,1.9640202522277832,0.09007897973060608,0.6714473962783813,0.08105193078517914,0.12063714861869812,0.001884651486761868,2.014796495437622,0.09601332247257233,0.686617374420166,0.07898321747779846,0.12155367434024811,0.0018988378578796983,0.06318842619657516,0.02509471301746089,0.05160333770084822,0.31463650506664426,7483,137527,23783,145010,12669,0,11.44604941195043,4.4,2.0,2.75,0.1,1.0,20,30,60,0.0001,bf16,True,False,True
epoch,1781849782.0722349,46,9.244860916690013e-05,1.9532098770141602,0.08896254748106003,0.6662132740020752,0.08255795389413834,0.12103984504938126,0.00212509511038661,0.057073064148426056,0.02249240965466015,0.05102262000489459,0.3068157927931716,7297,135718,23783,143015,12669,0,11.28857841976478,4.386666666666667,2.0,2.7666666666666666,0.1,1.0,20,30,60,0.0001,bf16,True,False,True
epoch,1781851733.1177132,47,9.212184644217154e-05,1.941192388534546,0.08801405876874924,0.6619646549224854,0.08263237774372101,0.12049135565757751,0.002355240983888507,0.06397892534732819,0.02608785588527098,0.05115231329059088,0.3103056805281083,7380,136895,23783,144275,12669,0,11.388033783250453,4.373333333333333,2.0,2.783333333333333,0.1,1.0,20,30,60,0.0001,bf16,True,False,True
epoch,1781853697.3959508,48,9.178800562895426e-05,1.9432647228240967,0.08863390982151031,0.6629434823989868,0.0815485268831253,0.12030473351478577,0.002598646329715848,0.06718166172504425,0.026130538478537347,0.050351390430074985,0.3148046924273641,7487,141208,23783,148695,12669,0,11.736916883731944,4.36,2.0,2.8,0.1,1.0,20,30,60,0.0001,bf16,True,False,True
epoch,1781855721.6456409,49,9.1447725192959e-05,1.9240188598632812,0.08622601628303528,0.6567971706390381,0.08263885229825974,0.12037632614374161,0.0028608860448002815,0.06665251404047012,0.02612590661155991,0.050725806451612905,0.3173695496783417,7548,141252,23783,148800,12669,0,11.745204830689083,4.346666666666667,2.0,2.8166666666666664,0.1,1.0,20,30,60,0.0001,bf16,True,False,True
epoch,1781857984.4887288,50,9.110169069108842e-05,1.916425347328186,0.08591429144144058,0.6528995037078857,0.08302049338817596,0.11963467299938202,0.0031050434336066246,2.0043561458587646,0.09499805420637131,0.6797541379928589,0.08118594437837601,0.12190447002649307,0.003163318382576108,0.06569568812847137,0.02628073067207879,0.05248979647089879,0.3260732455955935,7755,139988,23783,147743,12669,0,11.661772831320546,4.333333333333333,2.0,2.833333333333333,0.1,1.0,20,30,60,0.0001,bf16,True,False,True
epoch,1781859925.7862372,51,9.074774489454325e-05,1.9266451597213745,0.08631736785173416,0.6563164591789246,0.08341698348522186,0.12011772394180298,0.003384276991710067,0.0652845948934555,0.02500074106246757,0.05361935931488321,0.3217003742168776,7651,135040,23783,142691,12669,0,11.263004183439893,4.32,2.0,2.85,0.1,1.0,20,30,60,0.0001,bf16,True,False,True
epoch,1781861887.5014524,52,9.038784350594948e-05,1.9091150760650635,0.08440396934747696,0.6515794396400452,0.08330187201499939,0.11989473551511765,0.003655429231002927,0.06613728404045105,0.028173173786490223,0.05290702089906724,0.3222049362990371,7663,137176,23783,144839,12669,0,11.432551898334518,4.306666666666667,2.0,2.8666666666666667,0.1,1.0,20,30,60,0.0001,bf16,True,False,True
epoch,1781863880.0836356,53,9.002417390106703e-05,1.894565224647522,0.08395661413669586,0.6451345682144165,0.0832182914018631,0.11877752840518951,0.0038997021038085222,0.06645730137825012,0.02653813032520702,0.05403295928357719,0.33183366270024806,7892,138167,23783,146059,12669,0,11.528849948693662,4.293333333333333,2.0,2.8833333333333333,0.1,1.0,20,30,60,0.0001,bf16,True,False,True
epoch,1781865828.7335877,54,8.965289229755318e-05,1.8974957466125488,0.08342116326093674,0.6469371318817139,0.08357846736907959,0.11936700344085693,0.0042012277990579605,0.0674402117729187,0.025987199479641277,0.055480864662448,0.33141319429844845,7882,134185,23783,142067,12669,0,11.213750098666035,4.28,2.0,2.9,0.1,1.0,20,30,60,0.0001,bf16,True,False,True
epoch,1781868055.3400967,55,8.927636572000146e-05,1.8978320360183716,0.08300025761127472,0.6475796103477478,0.08367098867893219,0.11942475289106369,0.004494011402130127,1.97016179561615,0.09102682024240494,0.6680908203125,0.08263863623142242,0.12143807113170624,0.004567810799926519,0.07167839258909225,0.029609962753602302,0.0570995311004116,0.34356473111045704,8171,134930,23783,143101,12669,0,11.295366642986819,4.266666666666667,2.0,2.9166666666666665,0.1,1.0,20,30,60,0.0001,bf16,True,False,True
epoch,1781870050.1787899,56,8.889246465523932e-05,1.9016480445861816,0.08347133547067642,0.6470898389816284,0.084431491792202,0.11910141259431839,0.004772040992975235,0.06925350427627563,0.03082116735895397,0.055745431493067994,0.34015893705588024,8090,137034,23783,145124,12669,0,11.455047754361038,4.253333333333333,2.0,2.9333333333333336,0.1,1.0,20,30,60,0.0001,bf16,True,False,True
epoch,1781872153.123324,57,8.850312962408229e-05,1.895450472831726,0.08311433345079422,0.6436483263969421,0.08496881276369095,0.11971395462751389,0.0050917211920022964,0.06644947081804276,0.030036402319092305,0.05441481481481481,0.3088760879619897,7346,127654,23783,135000,12669,0,10.655931802036466,4.24,2.0,2.95,0.1,1.0,20,30,60,0.0001,bf16,True,False,True
epoch,1781874149.0128932,58,8.810833719442488e-05,1.9080750942230225,0.08338204771280289,0.6485081911087036,0.08535706996917725,0.12006443738937378,0.005401644855737686,0.0656251534819603,0.028597001454909333,0.055137666256289096,0.32577891771433376,7748,132773,23783,140521,12669,0,11.091719946325677,4.226666666666667,2.0,2.966666666666667,0.1,1.0,20,30,60,0.0001,bf16,True,False,True
epoch,1781876134.2289224,59,8.770742553435337e-05,1.887171745300293,0.0820244774222374,0.6411250233650208,0.0850248634815216,0.11914939433336258,0.005667181685566902,0.06779499351978302,0.030772459854779298,0.05295036034403446,0.31942984484715975,7597,135877,23783,143474,12669,0,11.324808587891704,4.213333333333333,2.0,2.9833333333333334,0.1,1.0,20,30,60,0.0001,bf16,True,False,True
epoch,1781878359.501975,60,8.730183166292171e-05,1.8810555934906006,0.08133605867624283,0.6388143301010132,0.08529181778430939,0.11872147023677826,0.005937418434768915,1.968338966369629,0.09156699478626251,0.6636798977851868,0.0834420919418335,0.12137395888566971,0.006071225740015507,0.07017692178487778,0.03074934556207154,0.05802440879189032,0.33044611697430937,7859,127584,23783,135443,12669,0,10.69089904491278,4.2,2.0,3.0,0.1,1.0,20,30,60,0.0001,bf16,True,False,True
epoch,1781880289.841585,61,8.689079255621642e-05,1.872493863105774,0.08048244565725327,0.6355574727058411,0.0855880081653595,0.1188751831650734,0.0062370095402002335,0.0699957013130188,0.029852421427494846,0.0585963044635389,0.3240129504267754,7706,123804,23783,131510,12669,0,10.380456231746784,4.1866666666666665,2.0,3.0166666666666666,0.1,1.0,20,30,60,0.0001,bf16,True,False,True
epoch,1781882397.1819837,62,8.64736092499331e-05,1.8722833395004272,0.0800996795296669,0.6356396079063416,0.08577239513397217,0.11894231289625168,0.0065466598607599735,0.07030920684337616,0.031643124666879886,0.0575861686800399,0.32771307236261193,7794,127551,23783,135345,12669,0,10.683163627752782,4.173333333333334,2.0,3.033333333333333,0.1,1.0,20,30,60,0.0001,bf16,True,False,True
epoch,1781884371.2679214,63,8.605110150969944e-05,1.8708751201629639,0.07963884621858597,0.6340919733047485,0.08672540634870529,0.11963906139135361,0.006881761830300093,0.07122579962015152,0.029848579660756512,0.059857265704814894,0.34242946642559813,8144,127913,23783,136057,12669,0,10.739363801405004,4.16,2.0,3.05,0.1,1.0,20,30,60,0.0001,bf16,True,False,True
epoch,1781886318.5191743,64,8.56228905526676e-05,1.8641263246536255,0.07867524027824402,0.6307215690612793,0.08779503405094147,0.12014856189489365,0.007205411791801453,0.06372326612472534,0.02830377404752653,0.05771410069613081,0.32977336753143,7843,128051,23783,135894,12669,0,10.726497750414397,4.1466666666666665,2.0,3.0666666666666664,0.1,1.0,20,30,60,0.0001,bf16,True,False,True
epoch,1781888551.6716714,65,8.518834823742671e-05,1.8678427934646606,0.0787050724029541,0.6326357126235962,0.08748997002840042,0.12005144357681274,0.007496837992221117,1.9660309553146362,0.08924339711666107,0.6635338068008423,0.08511346578598022,0.12262887507677078,0.007659334223717451,0.06493556499481201,0.03131788480677642,0.0531975257616409,0.31930370432661986,7594,135157,23783,142751,12669,0,11.267740153129687,4.133333333333333,2.0,3.083333333333333,0.1,1.0,20,30,60,0.0001,bf16,True,False,True
epoch,1781890669.2656605,66,8.475050733117352e-05,1.8643697500228882,0.0790732130408287,0.6301003694534302,0.08729182183742523,0.12022115290164948,0.007783510722219944,0.06956781446933746,0.032623074960429224,0.054736530699931674,0.32674599503847285,7771,134200,23783,141971,12669,0,11.206172547162366,4.12,2.0,3.0999999999999996,0.1,1.0,20,30,60,0.0001,bf16,True,False,True
epoch,1781892642.9521258,67,8.43078727836419e-05,1.8561580181121826,0.07777691632509232,0.6267704367637634,0.08828707784414291,0.11999262124300003,0.008056237362325191,0.07171549648046494,0.03320382874226198,0.059778985592495865,0.3204810158516587,7622,119881,23783,127503,12669,0,10.064172389296708,4.1066666666666665,2.0,3.1166666666666663,0.1,1.0,20,30,60,0.0001,bf16,True,False,True
epoch,1781894570.9183092,68,8.385828429453379e-05,1.8641703128814697,0.0781475082039833,0.6289039850234985,0.08875887095928192,0.1202835887670517,0.008364873006939888,0.07505988329648972,0.03348711576909409,0.06228880378463618,0.34877853929277214,8295,124875,23783,133170,12669,0,10.51148472649775,4.093333333333334,2.0,3.1333333333333333,0.1,1.0,20,30,60,0.0001,bf16,True,False,True
epoch,1781896586.2056372,69,8.340556976177647e-05,1.8520569801330566,0.07759734988212585,0.6238107085227966,0.08866525441408157,0.11896984279155731,0.008542855270206928,0.07312281429767609,0.033320377125346565,0.06070944949200754,0.3374258924441828,8025,124162,23783,132187,12669,0,10.433893756413292,4.08,2.0,3.15,0.1,1.0,20,30,60,0.0001,bf16,True,False,True
epoch,1781898861.119781,70,8.294624486063284e-05,1.846417784690857,0.07656022906303406,0.622321605682373,0.0889069065451622,0.11990972608327866,0.008891399949789047,1.9463599920272827,0.08729047328233719,0.6534015536308289,0.08698898553848267,0.12282924354076385,0.009110652841627598,0.07680162787437439,0.032578107822700986,0.0612857724523034,0.35441281587688683,8429,129107,23783,137536,12669,0,10.856105454258426,4.066666666666666,2.0,3.1666666666666665,0.1,1.0,20,30,60,0.0001,bf16,True,False,True
epoch,1781900971.960308,71,8.248203589268558e-05,1.833332896232605,0.0751679465174675,0.6168861389160156,0.08976273983716965,0.11978500336408615,0.009134608320891857,0.078212670981884,0.03570389231317676,0.061759369189758294,0.3477694151284531,8271,125652,23783,133923,12669,0,10.570921146104665,4.053333333333334,2.0,3.1833333333333336,0.1,1.0,20,30,60,0.0001,bf16,True,False,True
epoch,1781902980.0656955,72,8.201424875650811e-05,1.8260418176651,0.0748315304517746,0.6154538989067078,0.08859975636005402,0.11831116676330566,0.00929451547563076,0.0845172256231308,0.03729327269247733,0.06348324869387308,0.3653029474834966,8688,128167,23783,136855,12669,0,10.802352198279264,4.04,2.0,3.2,0.1,1.0,20,30,60,0.0001,bf16,True,False,True
epoch,1781904946.6015909,73,8.154175176450278e-05,1.819111704826355,0.07376628369092941,0.6121987700462341,0.08956720679998398,0.11879821121692657,0.009572301991283894,0.08261894434690475,0.03584087479393929,0.06582326643203652,0.37825337425892447,8996,127673,23783,136669,12669,0,10.787670692240903,4.026666666666666,2.0,3.216666666666667,0.1,1.0,20,30,60,0.0001,bf16,True,False,True
epoch,1781906909.0406907,74,8.10636157533703e-05,1.8221464157104492,0.0741041749715805,0.6125458478927612,0.08964507281780243,0.11871655285358429,0.00979805551469326,0.08431234210729599,0.03800546983256936,0.06534205341906946,0.3751419080856074,8922,127621,23783,136543,12669,0,10.777725155892336,4.013333333333334,2.0,3.2333333333333334,0.1,1.0,20,30,60,0.0001,bf16,True,False,True
epoch,1781909130.839478,75,8.058001515231556e-05,1.818196415901184,0.07343202829360962,0.609673798084259,0.09078197181224823,0.11938292533159256,0.010079327039420605,1.9246819019317627,0.08422792702913284,0.6433902382850647,0.08943422138690948,0.12236500531435013,0.010328042320907116,0.08343459665775299,0.037612123537110166,0.06602115321054054,0.3695496783416726,8789,124335,23783,133124,12669,0,10.50785381640224,4.0,2.0,3.25,0.1,1.0,20,30,60,0.0001,bf16,True,False,True
epoch,1781911104.9651067,76,8.009343340792505e-05,1.8080554008483887,0.07271391898393631,0.605878472328186,0.09065273404121399,0.11931225657463074,0.010279502719640732,0.08888787776231766,0.040590993309160696,0.06664968709067094,0.385107009208258,9159,128261,23783,137420,12669,0,10.84694924619149,3.9866666666666664,2.0,3.2666666666666666,0.1,1.0,20,30,60,0.0001,bf16,True,False,True
epoch,1781913097.8654063,77,7.960244140711774e-05,1.8142775297164917,0.07383091002702713,0.6074936389923096,0.08999311178922653,0.11894270032644272,0.010459032841026783,0.08358671516180038,0.0392094996816013,0.06394990309508428,0.3662700248076357,8711,127505,23783,136216,12669,0,10.751914121082958,3.9733333333333336,2.0,3.283333333333333,0.1,1.0,20,30,60,0.0001,bf16,True,False,True
epoch,1781915192.1061883,78,7.91077685810863e-05,1.8111382722854614,0.07370100170373917,0.6073987483978271,0.0890612006187439,0.11806318163871765,0.010581506416201591,0.08728993684053421,0.03998116435250267,0.0639986934694776,0.3789681705419838,9013,131818,23783,140831,12669,0,11.116189123056278,3.96,2.0,3.3,0.1,1.0,20,30,60,0.0001,bf16,True,False,True
epoch,1781917163.4492297,79,7.860570307897236e-05,1.8146227598190308,0.07281038910150528,0.6068118214607239,0.09127021580934525,0.11984743922948837,0.010925543494522572,0.07806193083524704,0.03583813407458365,0.06172037422037422,0.3595004835386621,8550,129978,23783,138528,12669,0,10.934406819796353,3.9466666666666668,2.0,3.3166666666666664,0.1,1.0,20,30,60,0.0001,bf16,True,False,True
epoch,1781919388.5816486,80,7.810087972722507e-05,1.8135606050491333,0.07331418246030807,0.6056046485900879,0.09089244902133942,0.11871932446956635,0.011005263775587082,1.9173554182052612,0.08450653403997421,0.641063392162323,0.08750133216381073,0.12042051553726196,0.011166042648255825,0.07683995366096497,0.03492162627517246,0.06167166312902544,0.3555060337215658,8455,128642,23783,137097,12669,0,10.821453942694767,3.9333333333333336,2.0,3.333333333333333,0.1,1.0,20,30,60,0.0001,bf16,True,False,True
epoch,1781921366.0300503,81,7.759128021046189e-05,1.8062831163406372,0.07256431132555008,0.602485179901123,0.09127320349216461,0.11835860460996628,0.01109376922249794,0.08692407608032227,0.040308769818511794,0.06118018967334036,0.36618593112727577,8709,133641,23783,142350,12669,0,11.23608808903623,3.92,2.0,3.35,0.1,1.0,20,30,60,0.0001,bf16,True,False,True
epoch,1781923306.6988418,82,7.707791199810312e-05,1.8032499551773071,0.07162878662347794,0.6012774705886841,0.09193640947341919,0.11919768154621124,0.011345733888447285,0.0854119285941124,0.03992487500363495,0.06289515762296645,0.36055165454316107,8575,127763,23783,136338,12669,0,10.761543926118874,3.9066666666666667,2.0,3.3666666666666663,0.1,1.0,20,30,60,0.0001,bf16,True,False,True
epoch,1781925266.324564,83,7.656208342282663e-05,1.7955090999603271,0.07039736956357956,0.5981868505477905,0.0926770493388176,0.11970288306474686,0.011501580476760864,0.08698747307062149,0.04043715469597373,0.0658293274664336,0.3673632426523147,8737,123985,23783,132722,12669,0,10.476122819480622,3.8933333333333335,2.0,3.3833333333333333,0.1,1.0,20,30,60,0.0001,bf16,True,False,True
epoch,1781927248.0217645,84,7.604391050016162e-05,1.7831000089645386,0.06917283684015274,0.5938592553138733,0.09276027977466583,0.11949926614761353,0.011605599895119667,0.0860181450843811,0.03816587175242603,0.06314972417043217,0.38313080771979985,9112,135180,23783,144292,12669,0,11.389375641329229,3.88,2.0,3.4000000000000004,0.1,1.0,20,30,60,0.0001,bf16,True,False,True
epoch,1781929642.8466947,85,7.552103390061045e-05,1.7840648889541626,0.06974396854639053,0.5943118929862976,0.09193437546491623,0.11876676231622696,0.011653158813714981,1.8868014812469482,0.08037319779396057,0.6281003952026367,0.09012748301029205,0.12111841142177582,0.011887714266777039,0.08915971219539642,0.040586616666405465,0.06322380640227247,0.38931169322625403,9259,137189,23783,146448,12669,0,11.55955481884916,3.8666666666666667,2.0,3.4166666666666665,0.1,1.0,20,30,60,0.0001,bf16,True,False,True
epoch,1781931611.269258,86,7.499365501476498e-05,1.777679443359375,0.06962069123983383,0.5902536511421204,0.09239808470010757,0.11842596530914307,0.011668586172163486,0.08954865485429764,0.041958174863248134,0.0648863935932969,0.3829205735189001,9107,131246,23783,140353,12669,0,11.078459231194254,3.8533333333333335,2.0,3.4333333333333336,0.1,1.0,20,30,60,0.0001,bf16,True,False,True
epoch,1781933579.2574081,87,7.446518553192282e-05,1.7707633972167969,0.06892888993024826,0.5876652598381042,0.09246692806482315,0.11807763576507568,0.011734753847122192,0.0886116549372673,0.04062211574637331,0.0621628669860137,0.380860278350082,9058,136656,23783,145714,12669,0,11.501618122977346,3.84,2.0,3.4499999999999997,0.1,1.0,20,30,60,0.0001,bf16,True,False,True
epoch,1781935561.5109816,88,7.393295418753294e-05,1.7669131755828857,0.06861735880374908,0.5854589343070984,0.09281118214130402,0.11734321713447571,0.011676236987113953,0.09519365429878235,0.04580572033300996,0.06534470504619759,0.3865786486145566,9194,131506,23783,140700,12669,0,11.105848922566896,3.8266666666666667,2.0,3.466666666666667,0.1,1.0,20,30,60,0.0001,bf16,True,False,True
epoch,1781937523.4984844,89,7.339520520963734e-05,1.7736155986785889,0.06850973516702652,0.5863790512084961,0.09410209953784943,0.11812907457351685,0.011817877180874348,0.08459407836198807,0.04192027311946731,0.06006092627639142,0.3589538746163226,8537,133602,23783,142139,12669,0,11.219433262293787,3.8133333333333335,2.0,3.4833333333333334,0.1,1.0,20,30,60,0.0001,bf16,True,False,True
epoch,1781939793.6722822,90,7.285198474664985e-05,1.774621844291687,0.06851861625909805,0.5870208740234375,0.09381748735904694,0.11840105056762695,0.011844117194414139,1.8830785751342773,0.08100075274705887,0.625174880027771,0.08941084146499634,0.11982526630163193,0.011986433528363705,0.09485120326280594,0.04536562845460139,0.059724154537671235,0.3754362359668671,8929,140575,23783,149504,12669,0,11.800773541716,3.8,2.0,3.5,0.1,1.0,20,30,60,0.0001,bf16,True,False,True
epoch,1781941748.2815711,91,7.230791252948253e-05,1.7610405683517456,0.0676657110452652,0.5826699137687683,0.09318927675485611,0.11752375960350037,0.011757543310523033,0.08944809436798096,0.04312429924611934,0.058222388899306206,0.3655552285245764,8694,140630,23783,149324,12669,0,11.786565632646617,3.7866666666666666,2.0,3.5166666666666666,0.1,1.0,20,30,60,0.0001,bf16,True,False,True
epoch,1781943844.56998,92,7.176297463967641e-05,1.7572789192199707,0.06743734329938889,0.5805075168609619,0.09340253472328186,0.11772215366363525,0.01177698839455843,0.09033994376659393,0.042707039532251655,0.06362909090909091,0.3678678047344742,8749,128751,23783,137500,12669,0,10.85326387244455,3.7733333333333334,2.0,3.533333333333333,0.1,1.0,20,30,60,0.0001,bf16,True,False,True
epoch,1781945798.3645296,93,7.121382968134218e-05,1.7556630373001099,0.06669802963733673,0.5801870226860046,0.09372379630804062,0.1178198829293251,0.011787195689976215,0.09234397113323212,0.04136620283825323,0.06425508165902949,0.36790985157465417,8750,127426,23783,136176,12669,0,10.748756807956429,3.76,2.0,3.55,0.1,1.0,20,30,60,0.0001,bf16,True,False,True
epoch,1781947751.6196284,94,7.06625790867664e-05,1.7493032217025757,0.06636752933263779,0.5766178965568542,0.0941043347120285,0.11765548586845398,0.011770423501729965,0.09868612885475159,0.045150568961980754,0.06703422511448542,0.37421687760164823,8900,123868,23783,132768,12669,0,10.47975372957613,3.7466666666666666,2.0,3.5666666666666664,0.1,1.0,20,30,60,0.0001,bf16,True,False,True
epoch,1781949948.5618804,95,7.010523704554272e-05,1.7510130405426025,0.06608939915895462,0.5776498913764954,0.09410395473241806,0.11769800633192062,0.011774229817092419,1.8742753267288208,0.0787757858633995,0.6206834316253662,0.0911998525261879,0.12007403373718262,0.012012269347906113,0.0967896357178688,0.04441640143049881,0.0648392630715298,0.3655131816843964,8693,125377,23783,134070,12669,0,10.58252427184466,3.7333333333333334,2.0,3.583333333333333,0.1,1.0,20,30,60,0.0001,bf16,True,False,True
epoch,1781951879.6161177,96,6.954463075569496e-05,1.7530124187469482,0.06582489609718323,0.5780411958694458,0.09452220052480698,0.11775621771812439,0.01177987176924944,0.10104386508464813,0.04861392632010393,0.06972929887488886,0.3825421519572804,9098,121378,23783,130476,12669,0,10.298839687426,3.7199999999999998,2.0,3.5999999999999996,0.1,1.0,20,30,60,0.0001,bf16,True,False,True
epoch,1781953819.212315,97,6.898069635025649e-05,1.7478440999984741,0.06477604806423187,0.5736753940582275,0.09636960923671722,0.11845303326845169,0.011850893497467041,0.10450874269008636,0.04944138845894486,0.07117617364967188,0.38535929024933774,9165,119600,23783,128765,12669,0,10.163785618438709,3.706666666666667,2.0,3.6166666666666663,0.1,1.0,20,30,60,0.0001,bf16,True,False,True
epoch,1781955811.2462144,98,6.841603351516204e-05,1.7356997728347778,0.06391819566488266,0.5688998699188232,0.09633447229862213,0.1180604100227356,0.01181086990982294,0.10714152455329895,0.05078439686913043,0.07382128066263141,0.38973216162805363,9269,116291,23783,125560,12669,0,9.910805904175547,3.6933333333333334,2.0,3.6333333333333333,0.1,1.0,20,30,60,0.0001,bf16,True,False,True
epoch,1781957803.1846156,99,6.784956914354109e-05,1.733364224433899,0.0636996477842331,0.5681334137916565,0.09613189846277237,0.11795537173748016,0.011800451204180717,0.10585853457450867,0.05141764889704063,0.07012727145815398,0.38018752890720264,9042,119895,23783,128937,12669,0,10.177362064882784,3.6799999999999997,2.0,3.65,0.1,1.0,20,30,60,0.0001,bf16,True,False,True
epoch,1781960029.0877361,100,6.728035786519808e-05,1.7401788234710693,0.0643286406993866,0.5694100856781006,0.09645184129476547,0.11827725172042847,0.011832237243652344,1.878340721130371,0.07779210060834885,0.6194679737091064,0.09328620880842209,0.12112272530794144,0.012117328122258186,0.10246781259775162,0.04757236376171932,0.07148489244937867,0.3811966530715217,9066,117758,23783,126824,12669,0,10.010576998973873,3.666666666666667,2.0,3.6666666666666665,0.1,1.0,20,30,60,0.0001,bf16,True,False,True
epoch,1781961978.889555,101,6.670773694887861e-05,1.7411428689956665,0.0641966313123703,0.5699664950370789,0.09635044634342194,0.1178484857082367,0.011789262294769287,0.09896968305110931,0.04732550910848658,0.067886599140243,0.36719505529159485,8733,119908,23783,128641,12669,0,10.153997947746468,3.6533333333333333,2.0,3.6833333333333336,0.1,1.0,20,30,60,0.0001,bf16,True,False,True
epoch,1781964086.5157065,102,6.61317854085532e-05,1.728267788887024,0.06355736404657364,0.5653531551361084,0.09579957276582718,0.1174783930182457,0.011752920225262642,0.10140961408615112,0.04849164930055849,0.06732444273122855,0.38186940251440105,9082,125817,23783,134899,12669,0,10.64795958639198,3.6399999999999997,2.0,3.7,0.1,1.0,20,30,60,0.0001,bf16,True,False,True
epoch,1781966030.5750942,103,6.555530360937308e-05,1.7284384965896606,0.06251271069049835,0.564570426940918,0.09708061069250107,0.11764933168888092,0.011769875884056091,0.10495033115148544,0.050190322089474645,0.06972597961319328,0.37821132741874447,8995,120010,23783,129005,12669,0,10.182729497197885,3.626666666666667,2.0,3.716666666666667,0.1,1.0,20,30,60,0.0001,bf16,True,False,True
epoch,1781967975.5167217,104,6.497673408966663e-05,1.7152141332626343,0.06153862923383713,0.5586808919906616,0.09743152558803558,0.11744248121976852,0.01174895092844963,0.10807886719703674,0.05133178120595403,0.0731441742171356,0.38695707017617625,9203,116617,23783,125820,12669,0,9.931328439497987,3.6133333333333333,2.0,3.7333333333333334,0.1,1.0,20,30,60,0.0001,bf16,True,False,True
epoch,1781970178.5335534,105,6.439769090093965e-05,1.703766942024231,0.061067745089530945,0.5538819432258606,0.09718717634677887,0.11703809350728989,0.011708532460033894,1.8542855978012085,0.07636336237192154,0.6098905801773071,0.09269634634256363,0.11979567259550095,0.011984738521277905,0.10645338147878647,0.049384068662766366,0.0719363797411559,0.3909935668334525,9299,119968,23783,129267,12669,0,10.203409898176652,3.6,2.0,3.75,0.1,1.0,20,30,60,0.0001,bf16,True,False,True
epoch,1781972167.848595,106,6.38167550525961e-05,1.7051368951797485,0.061403341591358185,0.5537450313568115,0.0970907211303711,0.11700933426618576,0.011706014163792133,0.1081826239824295,0.051685092295520006,0.0710047948531197,0.3935163772442501,9359,122449,23783,131808,12669,0,10.403978214539427,3.586666666666667,2.0,3.7666666666666666,0.1,1.0,20,30,60,0.0001,bf16,True,False,True
epoch,1781974137.788504,107,6.323310037524026e-05,1.6984235048294067,0.06068005785346031,0.5514349937438965,0.09700944274663925,0.11700411140918732,0.011705543845891953,0.11145583540201187,0.05293805493274704,0.07135043150601678,0.3949039229701888,9392,122240,23783,131632,12669,0,10.390086036782698,3.5733333333333333,2.0,3.783333333333333,0.1,1.0,20,30,60,0.0001,bf16,True,False,True
epoch,1781976113.397193,108,6.264542989773458e-05,1.7123148441314697,0.06131457909941673,0.5545755624771118,0.0981895849108696,0.11757182329893112,0.011762301437556744,0.10677270591259003,0.051438923366367816,0.06966727107193953,0.3828785266787201,9106,121601,23783,130707,12669,0,10.317073170731707,3.56,2.0,3.8,0.1,1.0,20,30,60,0.0001,bf16,True,False,True
epoch,1781978073.350503,109,6.205905268816005e-05,1.7026170492172241,0.06055707484483719,0.5514777898788452,0.09777285158634186,0.11710876226425171,0.011716106906533241,0.11398781836032867,0.05251078983419575,0.07099084159348736,0.39599714081486775,9418,123247,23783,132665,12669,0,10.471623648275317,3.546666666666667,2.0,3.8166666666666664,0.1,1.0,20,30,60,0.0001,bf16,True,False,True
epoch,1781980263.4609997,110,6.147177058326652e-05,1.701496958732605,0.06018352508544922,0.5488730072975159,0.09896095097064972,0.11747216433286667,0.01175243966281414,1.85121750831604,0.07514888793230057,0.6045669913291931,0.09507975727319717,0.12080737948417664,0.01208623219281435,0.10807812958955765,0.04896715639624745,0.07251667845174778,0.39671193709792707,9435,120673,23783,130108,12669,0,10.269792406661931,3.533333333333333,2.0,3.833333333333333,0.1,1.0,20,30,60,0.0001,bf16,True,False,True
epoch,1781982202.6807435,111,6.0879659443977775e-05,1.6999942064285278,0.05945594608783722,0.5486161708831787,0.09914014488458633,0.11779797077178955,0.011784648522734642,0.11183381080627441,0.052173874026630075,0.07401435848072835,0.3879661943404953,9227,115438,23783,124665,12669,0,9.840161022969452,3.52,2.0,3.8499999999999996,0.1,1.0,20,30,60,0.0001,bf16,True,False,True
epoch,1781984174.02112,112,6.029007714820346e-05,1.6865662336349487,0.058918196707963943,0.5427879691123962,0.0989658534526825,0.1171022281050682,0.011715319007635117,0.10738498717546463,0.0493365456815809,0.06661703970395608,0.39132994155489215,9307,130402,23783,139709,12669,0,11.027626489857132,3.506666666666667,2.0,3.8666666666666667,0.1,1.0,20,30,60,0.0001,bf16,True,False,True
epoch,1781986129.133963,113,5.969708400997871e-05,1.6947942972183228,0.0593758262693882,0.5460678935050964,0.09875991195440292,0.1171354427933693,0.01171878818422556,0.1093672662973404,0.05031164311221801,0.07389097466750616,0.3996972627507043,9506,119143,23783,128649,12669,0,10.154629410371774,3.493333333333333,2.0,3.883333333333333,0.1,1.0,20,30,60,0.0001,bf16,True,False,True
epoch,1781988107.6092987,114,5.910325183515121e-05,1.6883342266082764,0.05850376933813095,0.5420025587081909,0.09973906725645065,0.11748869717121124,0.011754419654607773,0.10401638597249985,0.0507335995498579,0.0635624081021286,0.38897531850481437,9251,136291,23783,145542,12669,0,11.48804167653327,3.48,2.0,3.9,0.1,1.0,20,30,60,0.0001,bf16,True,False,True
epoch,1781990311.1610813,115,5.850914486661052e-05,1.6822190284729004,0.05780423432588577,0.5407735705375671,0.0992082878947258,0.11713659763336182,0.011718903668224812,1.828579068183899,0.07245306670665741,0.5966079235076904,0.09502934664487839,0.11989308148622513,0.011993080377578735,0.10501953959465027,0.05067347959848121,0.06412534884689614,0.38838666274229494,9237,134809,23783,144046,12669,0,11.369958165601073,3.466666666666667,2.0,3.916666666666667,0.1,1.0,20,30,60,0.0001,bf16,True,False,True
epoch,1781992226.7635362,116,5.791251958849913e-05,1.6808750629425049,0.058032020926475525,0.5398192405700684,0.09893600642681122,0.1167834997177124,0.011683262884616852,0.10685800015926361,0.05235159238800406,0.06423830816389663,0.3841819787242989,9137,133099,23783,142236,12669,0,11.227089746625621,3.453333333333333,2.0,3.933333333333333,0.1,1.0,20,30,60,0.0001,bf16,True,False,True
epoch,1781994141.4988465,117,5.731424610424626e-05,1.6883268356323242,0.05909041687846184,0.5422108769416809,0.09846639633178711,0.11684493720531464,0.01168990507721901,0.11438023298978806,0.05506258443929255,0.07128989671507338,0.38598999285203717,9180,119590,23783,128770,12669,0,10.164180282579524,3.44,2.0,3.95,0.1,1.0,20,30,60,0.0001,bf16,True,False,True
epoch,1781996089.558619,118,5.6719896182319865e-05,1.668704867362976,0.057063326239585876,0.5348020792007446,0.09881002455949783,0.11610420793294907,0.011615633964538574,0.11074261367321014,0.05531596209621057,0.06541580332241158,0.3836353698019594,9124,130353,23783,139477,12669,0,11.009314073723262,3.4266666666666667,2.0,3.966666666666667,0.1,1.0,20,30,60,0.0001,bf16,True,False,True
epoch,1781998051.5110233,119,5.611861134530033e-05,1.6826750040054321,0.057718534022569656,0.5386273264884949,0.09958511590957642,0.11722225695848465,0.011727506294846535,0.11739128082990646,0.05544144783634693,0.06589020433718482,0.38939578690661397,9261,131291,23783,140552,12669,0,11.094166863998737,3.413333333333333,2.0,3.9833333333333334,0.1,1.0,20,30,60,0.0001,bf16,True,False,True
epoch,1782000263.6197555,120,5.551862482245248e-05,1.6744604110717773,0.05758036673069,0.5359805226325989,0.09876243025064468,0.11673589795827866,0.01167840976268053,1.8127700090408325,0.07175740599632263,0.591492235660553,0.09348143637180328,0.11878890544176102,0.011884400621056557,0.11695443838834763,0.05544345154776238,0.07677077394801313,0.41899676239330613,9965,119837,23783,129802,12669,0,10.245638961243982,3.4,2.0,4.0,0.1,1.0,20,30,60,0.0001,bf16,True,False,True
epoch,1782002241.9977932,121,5.4920037817468974e-05,1.6617969274520874,0.05681077763438225,0.5306187272071838,0.09913300722837448,0.11624430865049362,0.011629398912191391,0.11133556067943573,0.053063105267938226,0.07043696871843644,0.4017155110793424,9554,126085,23783,135639,12669,0,10.706369879232772,3.3866666666666667,2.0,4.0,0.1,1.0,20,30,60,0.0001,bf16,True,False,True
epoch,1782004401.2206125,122,5.432075113813956e-05,1.6648582220077515,0.05614960938692093,0.5297120809555054,0.10108093172311783,0.11694066971540451,0.011698747985064983,0.10545694828033447,0.05070345061831176,0.06466727881603111,0.4027246352436614,9578,138534,23783,148112,12669,0,11.69089904491278,3.373333333333333,2.0,4.0,0.1,1.0,20,30,60,0.0001,bf16,True,False,True
epoch,1782006322.5536497,123,5.372227382974347e-05,1.655491590499878,0.05570956692099571,0.5277413129806519,0.1002921536564827,0.1164826825261116,0.011653091758489609,0.11180150508880615,0.05281019045505673,0.07242850299219065,0.40049615271412353,9525,121984,23783,131509,12669,0,10.38037729891862,3.3600000000000003,2.0,4.0,0.1,1.0,20,30,60,0.0001,bf16,True,False,True
epoch,1782008332.4096305,124,5.312171650241734e-05,1.6612648963928223,0.055999524891376495,0.5279260277748108,0.10157711058855057,0.11687622964382172,0.011692370288074017,0.1100149154663086,0.05323845378588885,0.06677624820217794,0.39629146869612747,9425,131718,23783,141143,12669,0,11.140816165443209,3.3466666666666667,2.0,4.0,0.1,1.0,20,30,60,0.0001,bf16,True,False,True
epoch,1782010613.948154,125,5.2522631377501384e-05,1.655066728591919,0.05570714920759201,0.5270600318908691,0.10090300440788269,0.11641855537891388,0.011646709404885769,1.8189401626586914,0.07247993350028992,0.5940437912940979,0.09433098137378693,0.11922570317983627,0.011927152052521706,0.1025838702917099,0.050144278147490694,0.060885234252068425,0.40348147836690074,9596,148012,23783,157608,12669,0,12.44044518115084,3.333333333333333,2.0,4.0,0.1,1.0,20,30,60,0.0001,bf16,True,False,True
epoch,1782012640.015135,126,5.192197114499181e-05,1.6505656242370605,0.05514797568321228,0.5248708724975586,0.10151038318872452,0.11687492579221725,0.011692192405462265,0.11410072445869446,0.05500599963706918,0.06953064111075831,0.4051213051339192,9635,128937,23783,138572,12669,0,10.937879864235535,3.3200000000000003,2.0,4.0,0.1,1.0,20,30,60,0.0001,bf16,True,False,True
epoch,1782014676.45815,127,5.131951798053096e-05,1.6535080671310425,0.05505037307739258,0.5253974199295044,0.10223966836929321,0.11716397106647491,0.011721123941242695,0.1164831668138504,0.05600183345377445,0.06836311590999979,0.40970441071353486,9744,132789,23783,142533,12669,0,11.250532796590102,3.3066666666666666,2.0,4.0,0.1,1.0,20,30,60,0.0001,bf16,True,False,True
epoch,1782016706.3222356,128,5.071584131464677e-05,1.6510428190231323,0.05532289296388626,0.5241983532905579,0.1021852120757103,0.11704578250646591,0.011709599755704403,0.111818328499794,0.0540421341516776,0.06453971183192561,0.3823319177563806,9093,131797,23783,140890,12669,0,11.12084615991791,3.293333333333333,2.0,4.0,0.1,1.0,20,30,60,0.0001,bf16,True,False,True
epoch,1782018712.1924233,129,5.011590631135346e-05,1.6368290185928345,0.05425253510475159,0.5203186869621277,0.10164576768875122,0.11656880378723145,0.011661588214337826,0.11244364827871323,0.054089115181704985,0.06334315044892175,0.4096623638733549,9743,144070,23783,153813,12669,0,12.140895098271372,3.2800000000000002,2.0,4.0,0.1,1.0,20,30,60,0.0001,bf16,True,False,True
epoch,1782020963.2787845,130,4.951697976582742e-05,1.6380767822265625,0.054135873913764954,0.5195258855819702,0.1026206761598587,0.11694435775279999,0.011698988266289234,1.8047492504119873,0.07136189937591553,0.5856176018714905,0.09710203111171722,0.11986595392227173,0.011989207938313484,0.11255529522895813,0.056543013436021285,0.060822719563699244,0.38451835344573854,9145,141210,23783,150355,12669,0,11.867945378482911,3.2666666666666666,2.0,4.0,0.1,1.0,20,30,60,0.0001,bf16,True,False,True
epoch,1782022898.4280837,131,4.8919782719561505e-05,1.6332985162734985,0.05417352542281151,0.5192163586616516,0.1017446517944336,0.11638949066400528,0.011643576435744762,0.11566155403852463,0.05679868918377906,0.07193100680694475,0.3994449817096245,9500,122571,23783,132071,12669,0,10.424737548346357,3.2533333333333334,2.0,4.0,0.1,1.0,20,30,60,0.0001,bf16,True,False,True
epoch,1782024885.667465,132,4.832284120363354e-05,1.6320685148239136,0.053841013461351395,0.5180454254150391,0.10246729850769043,0.11661340296268463,0.011665423400700092,0.11264388263225555,0.056577092816587536,0.062053827710802686,0.3863263675734769,9188,138877,23783,148065,12669,0,11.687189201989108,3.24,2.0,4.0,0.1,1.0,20,30,60,0.0001,bf16,True,False,True
epoch,1782026825.4837162,133,4.772390560553847e-05,1.6400071382522583,0.05369652435183525,0.5203624367713928,0.10356707125902176,0.11748123914003372,0.01175309345126152,0.12094994634389877,0.05780401320080273,0.07184795469597637,0.4059622419375184,9655,124726,23783,134381,12669,0,10.607072381403425,3.2266666666666666,2.0,4.0,0.1,1.0,20,30,60,0.0001,bf16,True,False,True
epoch,1782028803.2581613,134,4.7128859245001424e-05,1.6221381425857544,0.05297611281275749,0.5134912729263306,0.10331495851278305,0.11661486327648163,0.011667009443044662,0.11955098807811737,0.057357491366565226,0.0730006824668073,0.395786906613968,9413,119531,23783,128944,12669,0,10.177914594679928,3.2133333333333334,2.0,4.0,0.1,1.0,20,30,60,0.0001,bf16,True,False,True
epoch,1782031047.3320303,135,4.653295042740843e-05,1.6342644691467285,0.054071590304374695,0.5182105898857117,0.10327830165624619,0.1169644296169281,0.011701035313308239,1.8167847394943237,0.07338915765285492,0.5916962027549744,0.09663569927215576,0.11998309195041656,0.012003696523606777,0.11699055880308151,0.05744093685061671,0.06880454179247202,0.3842240255644788,9138,123673,23783,132811,12669,0,10.483147841187149,3.2,2.0,4.0,0.1,1.0,20,30,60,0.0001,bf16,True,False,True
epoch,1782033195.9834645,136,4.593674908368982e-05,1.6265406608581543,0.05395674705505371,0.5154746174812317,0.1029893085360527,0.11689330637454987,0.01169340405613184,0.1235199123620987,0.06037209396599792,0.06633658827304818,0.4258924441828197,10129,142562,23783,152691,12669,0,12.052332465072224,3.1866666666666665,2.0,4.0,0.1,1.0,20,30,60,0.0001,bf16,True,False,True
epoch,1782035173.95451,137,4.5341755408306314e-05,1.6267647743225098,0.0532352551817894,0.5152329802513123,0.1039109155535698,0.11716843396425247,0.011721902526915073,0.1105254590511322,0.05400027097784914,0.0646791447522006,0.3960812344952277,9420,136222,23783,145642,12669,0,11.495934959349594,3.1733333333333333,2.0,4.0,0.1,1.0,20,30,60,0.0001,bf16,True,False,True
epoch,1782037244.4694965,138,4.475209535279855e-05,1.6114561557769775,0.052325792610645294,0.5097789168357849,0.10372794419527054,0.11631812900304794,0.011636395938694477,0.11803324520587921,0.05681078123743646,0.07557864169636548,0.40928394231173526,9734,119059,23783,128793,12669,0,10.165995737627279,3.16,2.0,4.0,0.1,1.0,20,30,60,0.0001,bf16,True,False,True
epoch,1782039226.9462278,139,4.4161338590165555e-05,1.6223883628845215,0.0526525117456913,0.5133980512619019,0.10455068945884705,0.11704478412866592,0.01170891709625721,0.10521301627159119,0.049540994374547155,0.06431168353023937,0.4113021906403734,9782,142321,23783,152103,12669,0,12.005919962112243,3.1466666666666665,2.0,4.0,0.1,1.0,20,30,60,0.0001,bf16,True,False,True
epoch,1782041445.1780279,140,4.356974866925162e-05,1.6207715272903442,0.05222080647945404,0.5126219391822815,0.10504349321126938,0.1172361746430397,0.011728217825293541,1.7925535440444946,0.07096212357282639,0.5857369899749756,0.09668997675180435,0.11968161910772324,0.011971945874392986,0.11646560579538345,0.05548971152456943,0.07003142803840248,0.41037716015641423,9760,129606,23783,139366,12669,0,11.000552529797142,3.1333333333333333,2.0,4.0,0.1,1.0,20,30,60,0.0001,bf16,True,False,True
epoch,1782043389.0060174,141,4.2981131041592556e-05,1.607913613319397,0.052291881293058395,0.5093521475791931,0.10360164195299149,0.11647899448871613,0.011652322486042976,0.11824236810207367,0.05648818660993129,0.06877884460505214,0.41294201740739184,9821,132970,23783,142791,12669,0,11.270897466256216,3.12,2.0,4.0,0.1,1.0,20,30,60,0.0001,bf16,True,False,True
epoch,1782045383.8407998,142,4.239387886193755e-05,1.6055347919464111,0.052077099680900574,0.5081217288970947,0.10396376997232437,0.1164553090929985,0.011650381609797478,0.10606587678194046,0.051446183264488354,0.0639414876318287,0.40507925829373925,9634,141035,23783,150669,12669,0,11.892730286526167,3.1066666666666665,2.0,4.0,0.1,1.0,20,30,60,0.0001,bf16,True,False,True
epoch,1782047326.6296954,143,4.180869964070937e-05,1.6015145778656006,0.05171911418437958,0.5063530206680298,0.10429780930280685,0.1162833720445633,0.011633272282779217,0.11278131604194641,0.05289447341056075,0.06899584021533003,0.3793886389437834,9023,121753,23783,130776,12669,0,10.32251953587497,3.0933333333333333,2.0,4.0,0.1,1.0,20,30,60,0.0001,bf16,True,False,True
epoch,1782049274.7836683,144,4.122415604764435e-05,1.592832326889038,0.05096394941210747,0.5029637217521667,0.10457120835781097,0.11645085364580154,0.01164950616657734,0.10951089859008789,0.05076351528405212,0.06547301857970088,0.3874616322583358,9215,131530,23783,140745,12669,0,11.109400899834242,3.08,2.0,4.0,0.1,1.0,20,30,60,0.0001,bf16,True,False,True
epoch,1782051510.515682,145,4.064111218764543e-05,1.5896717309951782,0.05171769857406616,0.5030359029769897,0.1033448800444603,0.11616645753383636,0.011621295474469662,1.7850017547607422,0.07272385060787201,0.5862377285957336,0.09440635144710541,0.11875037103891373,0.011880354024469852,0.10991733521223068,0.053370624090894124,0.06622282935030624,0.37097927090779126,8823,124409,23783,133232,12669,0,10.51637856184387,3.0666666666666664,2.0,4.0,0.1,1.0,20,30,60,0.0001,bf16,True,False,True
epoch,1782053482.637763,146,4.005875429321796e-05,1.5916811227798462,0.05158189311623573,0.5034142732620239,0.10392861068248749,0.11639002710580826,0.011643489822745323,0.11148229241371155,0.05648216080153361,0.06406045592451359,0.38708321069671614,9206,134502,23783,143708,12669,0,11.343278869681901,3.0533333333333332,2.0,4.0,0.1,1.0,20,30,60,0.0001,bf16,True,False,True
epoch,1782055470.8523018,147,3.948021109936701e-05,1.5857571363449097,0.05134061723947525,0.5006709694862366,0.1041838526725769,0.11597202718257904,0.011601331643760204,0.11358761787414551,0.056170700682559985,0.0649662104647634,0.3690451162595131,8777,126324,23783,135101,12669,0,10.663904017680954,3.04,2.0,4.0,0.1,1.0,20,30,60,0.0001,bf16,True,False,True
epoch,1782057383.9450033,148,3.890299592675991e-05,1.5809404850006104,0.05062022805213928,0.4994507431983948,0.10430274903774261,0.11612558364868164,0.011617066338658333,0.11857735365629196,0.05757951801642776,0.06790758235986062,0.3859479460118572,9179,125990,23783,135169,12669,0,10.669271449996053,3.0266666666666664,2.0,4.0,0.1,1.0,20,30,60,0.0001,bf16,True,False,True
epoch,1782059456.859228,149,3.83290096867054e-05,1.5752416849136353,0.04980850592255592,0.49670952558517456,0.10502930730581284,0.11610744148492813,0.011615355499088764,0.11838938295841217,0.05762446176959202,0.06686278629964278,0.4013791363579027,9546,133224,23783,142770,12669,0,11.269239876864788,3.0133333333333336,2.0,4.0,0.1,1.0,20,30,60,0.0001,bf16,True,False,True
epoch,1782061880.6486032,150,3.7758780041330546e-05,1.5645806789398193,0.0492672361433506,0.49209585785865784,0.10524924844503403,0.11585972458124161,0.011590485461056232,1.7629766464233398,0.06921742111444473,0.5782749056816101,0.09672412276268005,0.1187489852309227,0.01187858171761036,0.11623011529445648,0.05686535251443274,0.06503736618864876,0.37909431106252367,9016,129612,23783,138628,12669,0,10.942300102612677,3.0,2.0,4.0,0.1,1.0,20,30,60,0.0001,bf16,True,False,True
epoch,1782063868.1787624,151,3.718836254184252e-05,1.5740958452224731,0.04998214542865753,0.4962165653705597,0.10502038896083832,0.1163049042224884,0.011634944938123226,0.1088595762848854,0.055268117156811056,0.06550689862027595,0.3902787705503931,9282,132413,23783,141695,12669,0,11.184387086589313,3.0,2.0,4.0,0.1,1.0,20,30,60,0.0001,bf16,True,False,True
epoch,1782065788.4728975,152,3.661965811191401e-05,1.5666565895080566,0.04931984469294548,0.4924819767475128,0.10552196204662323,0.11640840768814087,0.011644960381090641,0.11795203387737274,0.05752710858359933,0.07276911076443057,0.3922549720388513,9329,118871,23783,128200,12669,0,10.119188570526482,3.0,2.0,4.0,0.1,1.0,20,30,60,0.0001,bf16,True,False,True
epoch,1782067766.0524447,153,3.6053947462483044e-05,1.5666887760162354,0.04919174313545227,0.49209651350975037,0.10582216084003448,0.11627507209777832,0.011631503701210022,0.11222869157791138,0.05533701473614201,0.06485919404274577,0.39772106126224616,9459,136380,23783,145839,12669,0,11.51148472649775,3.0,2.0,4.0,0.1,1.0,20,30,60,0.0001,bf16,True,False,True
epoch,1782069756.7633882,154,3.549190221316534e-05,1.5553314685821533,0.04836423322558403,0.4865213930606842,0.10639388114213943,0.11615165323019028,0.011619335040450096,0.10393410921096802,0.05226410538889468,0.06429105925392162,0.39015263002985323,9279,135049,23783,144328,12669,0,11.392217223143104,3.0,2.0,4.0,0.1,1.0,20,30,60,0.0001,bf16,True,False,True
epoch,1782072000.349206,155,3.493286740482754e-05,1.5559393167495728,0.04840801656246185,0.4873912036418915,0.10608089715242386,0.11605049669742584,0.011608675122261047,1.7713896036148071,0.07020710408687592,0.5820746421813965,0.09618661552667618,0.11869148910045624,0.011871568858623505,0.11632350832223892,0.05442504429374821,0.06493695505484183,0.412731783206492,9816,141346,23783,151162,12669,0,11.93164417081064,3.0,2.0,4.0,0.1,1.0,20,30,60,0.0001,bf16,True,False,True
epoch,1782073968.9620426,156,3.437649213851792e-05,1.5521235466003418,0.048066671937704086,0.4855656325817108,0.10629619657993317,0.1160556897521019,0.011610271409153938,0.11485328525304794,0.053899237519362944,0.06356269298706903,0.39641760921666735,9428,138898,23783,148326,12669,0,11.707790670139712,3.0,2.0,4.0,0.1,1.0,20,30,60,0.0001,bf16,True,False,True
epoch,1782075925.9395213,157,3.382517960924613e-05,1.5470656156539917,0.0477195680141449,0.48277801275253296,0.10668768733739853,0.11596056818962097,0.011599669232964516,0.11573931574821472,0.05367311565205455,0.0655178640884592,0.3966278434175672,9433,134543,23783,143976,12669,0,11.364432867629647,3.0,2.0,4.0,0.1,1.0,20,30,60,0.0001,bf16,True,False,True
epoch,1782077850.9914622,158,3.327639578033008e-05,1.5451915264129639,0.04712652415037155,0.48055973649024963,0.10776674002408981,0.11622200906276703,0.011626620776951313,0.10691127181053162,0.051216111960820855,0.06438760706105887,0.36761552369339445,8743,127044,23783,135787,12669,0,10.718051937800931,3.0,2.0,4.0,0.1,1.0,20,30,60,0.0001,bf16,True,False,True
epoch,1782079788.480619,159,3.272766265671762e-05,1.5494147539138794,0.04693709686398506,0.4804978370666504,0.10897652059793472,0.11694520711898804,0.011698652058839798,0.10245507955551147,0.04852284687804058,0.06167130063012589,0.3711895051086911,8828,134318,23783,143146,12669,0,11.298918620254163,3.0,2.0,4.0,0.1,1.0,20,30,60,0.0001,bf16,True,False,True
epoch,1782082033.5996513,160,3.218252916885633e-05,1.5512968301773071,0.047112513333559036,0.4810909032821655,0.1090179979801178,0.11702387034893036,0.011706543155014515,1.7818645238876343,0.07074324041604996,0.584431529045105,0.09719862788915634,0.11974973976612091,0.011977648362517357,0.11787889897823334,0.05375468323472887,0.06756984180410636,0.40516335197409914,9636,132972,23783,142608,12669,0,11.256452758702345,3.0,2.0,4.0,0.1,1.0,20,30,60,0.0001,bf16,True,False,True
epoch,1782084002.914702,161,3.164206350902335e-05,1.5465818643569946,0.04693622887134552,0.4806075394153595,0.10822916775941849,0.11639002710580826,0.011642797850072384,0.10551302134990692,0.050662716958322564,0.06354327879725846,0.3867047891350965,9197,135539,23783,144736,12669,0,11.424421817033704,3.0,2.0,4.0,0.1,1.0,20,30,60,0.0001,bf16,True,False,True
